Date,Open,High,Low,Close,Volume
1/2/15 16:00,83.54,84.23,83.09,84.05,2269109
1/5/15 16:00,83.6,83.91,82.61,82.84,3780536
1/6/15 16:00,82.92,84.79,82.92,84.2,5291373
1/7/15 16:00,84.26,84.89,83.72,84.47,2583493
1/8/15 16:00,84.92,85.28,84.57,84.81,2168194
1/9/15 16:00,85,85.39,84.22,84.93,2679121
1/12/15 16:00,85.2,85.49,84.65,85.01,2300236
1/13/15 16:00,85.3,86.78,85.17,85.47,3529652
1/14/15 16:00,85.08,85.78,84.65,85.69,3383255
1/15/15 16:00,85.89,86.95,85.36,86.76,3890890
1/16/15 16:00,86.73,87.39,86.6,87.35,3903880
1/20/15 16:00,87.44,87.73,86.73,87.69,3180423
1/21/15 16:00,87.5,88.79,86.9,88.68,2834651
1/22/15 16:00,88.83,89.29,87.94,88.63,2542242
1/23/15 16:00,88.95,89.23,88.61,88.72,1817309
1/26/15 16:00,88.63,88.7,87.82,88.55,1750115
1/27/15 16:00,88.46,89.26,88.35,88.72,1906951
1/28/15 16:00,88.96,89.97,87.66,87.85,3199817
1/29/15 16:00,87.86,89.58,87.37,89.36,2850509
1/30/15 16:00,88.86,89.39,87.07,87.14,3526400
2/2/15 16:00,87,87.29,86.11,87,3610609
2/3/15 16:00,86.9,87.12,86.31,86.78,3980139
2/4/15 16:00,86.66,87.18,85.76,85.98,3686308
2/5/15 16:00,86.53,86.81,85.77,86.72,2548577
2/6/15 16:00,86.07,86.61,82.53,83.11,4356502
2/9/15 16:00,83.15,83.61,82.21,82.7,3938100
2/10/15 16:00,82.6,84.29,82.39,84.18,4130988
2/11/15 16:00,83.09,83.3,81.6,81.85,3368237
2/12/15 16:00,81.69,82.05,80.89,81.06,4835932
2/13/15 16:00,80.97,80.97,79.21,79.84,4677509
2/17/15 16:00,79.44,80.92,78.8,79.39,6286588
2/18/15 16:00,79.23,81.42,79.03,80.97,4841294
2/19/15 16:00,81.21,81.23,79.12,79.17,5473021
2/20/15 16:00,79.14,79.61,77.79,78.71,4419213
2/23/15 16:00,78.86,79.61,78.41,79.26,3944043
2/24/15 16:00,79.08,80.18,78.76,79.85,3771712
2/25/15 16:00,79.95,79.96,78.75,79.01,3250746
2/26/15 16:00,79.27,79.36,78.5,78.56,2549315
2/27/15 16:00,78.49,78.87,78.03,78.55,2474492
3/2/15 16:00,78.48,78.48,76.39,77.06,5027753
3/3/15 16:00,77.06,77.51,76.61,77.51,3688330
3/4/15 16:00,77.12,77.3,76.57,77.08,2773214
3/5/15 16:00,77.29,77.89,77.17,77.58,2562930
3/6/15 16:00,76.56,76.56,74.55,74.96,6385656
3/9/15 16:00,75,75.48,74.75,74.76,3301321
3/10/15 16:00,74.2,75.45,73.98,74.7,5272060
3/11/15 16:00,75.06,75.23,74.04,74.28,4940734
3/12/15 16:00,74.65,75.46,74.57,75.28,3497385
3/13/15 16:00,75.24,75.24,73.98,74.61,3089993
3/16/15 16:00,75.19,76.33,75.15,75.71,3235727
3/17/15 16:00,75.36,75.89,74.82,75.08,2565928
3/18/15 16:00,75.07,76.81,74.79,76.4,5754443
3/19/15 16:00,76.18,77.14,75.8,76.01,4431245
3/20/15 16:00,76.11,76.75,75.86,76.67,7064524
3/23/15 16:00,76.68,76.99,76.44,76.8,3073452
3/24/15 16:00,76.68,77.27,75.71,76.06,2642266
3/25/15 16:00,76.31,76.75,74.82,74.96,2984249
3/26/15 16:00,74.85,75.18,73.63,74.35,4173721
3/27/15 16:00,74.66,75.19,74.3,75,3182672
3/30/15 16:00,75.41,76.18,75.09,75.9,3353524
3/31/15 16:00,75.84,76.85,75.5,76.78,6030584
4/1/15 16:00,76.94,77.39,76.16,76.83,3388312
4/2/15 16:00,76.8,77.28,76.46,76.97,2505537
4/6/15 16:00,77.44,78.73,77.27,78.24,5267520
4/7/15 16:00,78.13,78.46,77.44,77.65,3691515
4/8/15 16:00,77.5,77.62,76.7,77.3,3168211
4/9/15 16:00,77.12,77.2,76.53,77.01,2051706
4/10/15 16:00,77.2,78.21,77.17,77.84,2191314
4/13/15 16:00,77.59,77.94,77.14,77.23,2265549
4/14/15 16:00,77.38,77.96,77.17,77.59,2260172
4/15/15 16:00,77.72,78.57,77.58,78.02,2671833
4/16/15 16:00,77.85,77.99,76.74,77.31,2903671
4/17/15 16:00,76.99,77.74,76.81,77.31,2924460
4/20/15 16:00,77.64,79.15,77.51,78.61,2624869
4/21/15 16:00,78.63,79.39,77.67,78.07,3311955
4/22/15 16:00,78.5,78.71,77.87,78.3,2466764
4/23/15 16:00,78.17,79.26,78.14,78.86,2429357
4/24/15 16:00,78.82,79.88,78.75,79.41,2599725
4/27/15 16:00,79.6,79.73,78.18,78.37,2860845
4/28/15 16:00,78.04,78.99,77.86,78.97,2626049
4/29/15 16:00,78.24,78.64,77.78,78.43,3873230
4/30/15 16:00,78.42,78.42,76.96,77.57,4305436
5/1/15 16:00,77.71,78.13,76.87,77.9,2861223
5/4/15 16:00,77.9,78.85,77.68,77.96,2745898
5/5/15 16:00,77.61,77.84,76.21,76.25,3820637
5/6/15 16:00,76.18,76.69,75.74,76.41,4844856
5/7/15 16:00,76.4,77.11,76.4,76.81,3601861
5/8/15 16:00,77.65,78.13,76.76,77.11,3378547
5/11/15 16:00,77,77.73,76.43,76.57,2892226
5/12/15 16:00,76.15,76.58,75.55,76.3,4114957
5/13/15 16:00,75.73,75.99,74.04,74.44,4505698
5/14/15 16:00,74.35,75.8,74.22,75.49,5111580
5/15/15 16:00,75.73,76.55,75.73,76.15,3333777
5/18/15 16:00,75.94,76.27,75.64,76.03,3076906
5/19/15 16:00,75.59,76.35,75.56,76.19,2803842
5/20/15 16:00,76.2,76.98,76.15,76.54,3395439
5/21/15 16:00,76.57,76.64,76.02,76.16,3192720
5/22/15 16:00,76,76.27,75.72,76.05,2150770
5/26/15 16:00,76.03,76.14,75.3,75.76,2851577
5/27/15 16:00,76,76.4,75.83,76.21,2789152
5/28/15 16:00,76.19,76.3,75.75,75.95,3167206
5/29/15 16:00,76.16,76.26,75.58,75.73,3115900
6/1/15 16:00,76.26,76.36,75.69,76,4027039
6/2/15 16:00,75.63,75.63,74.71,75.05,5105515
6/3/15 16:00,75,75.39,73.53,74.2,5564951
6/4/15 16:00,74,74.69,73.96,74.21,4544724
6/5/15 16:00,73.5,73.8,72.85,72.85,5564669
6/8/15 16:00,72.68,72.85,72.26,72.45,4761717
6/9/15 16:00,72.37,72.93,72.08,72.13,3618201
6/10/15 16:00,72.58,73,72.01,72.05,3512861
6/11/15 16:00,72.58,73.17,72.56,72.86,3427299
6/12/15 16:00,72.38,73.03,72.34,72.53,3788106
6/15/15 16:00,72.4,72.9,72.17,72.5,2928214
6/16/15 16:00,72.62,72.71,72.14,72.57,3215236
6/17/15 16:00,72.52,73.2,71.94,73.08,3861486
6/18/15 16:00,73.21,74.59,73.21,74.54,4780014
6/19/15 16:00,74.35,74.52,73.14,73.2,7284192
6/22/15 16:00,73.46,73.55,72.91,73.07,2246155
6/23/15 16:00,72.92,73.12,71.77,71.78,3937918
6/24/15 16:00,72.01,72.25,70.93,70.93,4908382
6/25/15 16:00,71.19,71.33,70.68,70.68,2900769
6/26/15 16:00,70.59,71.37,70.47,71,4537280
6/29/15 16:00,71.08,71.71,70.82,70.85,3219162
6/30/15 16:00,70.99,71.04,70.41,70.62,3911287
7/1/15 16:00,70.8,71.12,70.24,71.08,2372605
7/2/15 16:00,71.68,72.64,71.43,72.53,3377353
7/6/15 16:00,72.37,73,72.22,72.85,2830213
7/7/15 16:00,73.22,75.71,73.22,75.27,6836493
7/8/15 16:00,74.83,75.57,74.7,74.79,2918646
7/9/15 16:00,74.95,75.23,73.69,74.07,4500117
7/10/15 16:00,74.38,75.17,73.98,74.37,2381604
7/13/15 16:00,74.57,74.94,73.94,74.35,2796026
7/14/15 16:00,74.56,74.81,73.5,73.8,3372504
7/15/15 16:00,73.7,74.15,73.36,74.02,2521633
7/16/15 16:00,74.11,74.99,74.07,74.81,3137778
7/17/15 16:00,74.49,74.74,73.5,73.57,3779631
7/20/15 16:00,73.6,73.78,72.77,73.27,2897107
7/21/15 16:00,73.2,73.2,72.02,72.42,2939834
7/22/15 16:00,72.46,73.02,72.29,72.37,3316620
7/23/15 16:00,72.26,72.31,71.02,71.56,3358740
7/24/15 16:00,71.57,72.02,71.25,71.69,1818371
7/27/15 16:00,71.76,73.31,71.75,73,3104004
7/28/15 16:00,72.8,73.38,72.68,73.13,3242774
7/29/15 16:00,72.93,73.27,72.41,73.11,2796249
7/30/15 16:00,72.75,73.68,72.68,73.45,2479203
7/31/15 16:00,74.2,74.93,74.03,74.22,2761204
8/3/15 16:00,74.3,75.08,74.29,74.96,2755238
8/4/15 16:00,74.88,74.88,73.77,73.92,2411716
8/5/15 16:00,74.2,74.49,73.66,73.98,1979342
8/6/15 16:00,73.98,73.98,72.65,73.84,4098965
8/7/15 16:00,73.59,75.34,73.14,75.15,3637494
8/10/15 16:00,75.15,75.41,74.59,74.81,3594530
8/11/15 16:00,75.04,75.88,74.57,75.29,3431627
8/12/15 16:00,74.4,76.05,74.22,75.56,4399846
8/13/15 16:00,75.38,75.83,74.67,75.58,2690638
8/14/15 16:00,75.37,76.48,75.14,76.37,2455817
8/17/15 16:00,76.45,76.94,76.14,76.52,2401610
8/18/15 16:00,76.39,76.49,76,76.24,2681084
8/19/15 16:00,76.1,77.39,75.61,77.21,4422163
8/20/15 16:00,76.78,77.45,76.25,76.77,3740868
8/21/15 16:00,76.15,77.53,75.87,76.71,6031877
8/24/15 16:00,74.66,75.19,72.03,72.44,7492035
8/25/15 16:00,73.27,74.12,70.15,70.21,5582778
8/26/15 16:00,71.22,71.94,70.53,71.74,6795933
8/27/15 16:00,72.23,72.82,71.7,72.52,4762911
8/28/15 16:00,72.6,72.6,71.16,72.39,3022354
8/31/15 16:00,71.84,72.35,70.35,70.91,4338403
9/1/15 16:00,70.26,70.29,68.66,69.05,3813806
9/2/15 16:00,69.68,69.78,68.67,69.16,3501799
9/3/15 16:00,69.54,69.74,69.03,69.28,2329300
9/4/15 16:00,68.7,68.9,67.98,68.26,3287749
9/8/15 16:00,68.8,69.37,68.54,69.36,2895171
9/9/15 16:00,69.63,69.76,68.1,68.21,3278569
9/10/15 16:00,68.2,68.5,67.49,67.74,3225648
9/11/15 16:00,67.64,68.36,67.27,68.34,3047237
9/14/15 16:00,68.4,68.86,68.11,68.31,2126530
9/15/15 16:00,68.36,68.9,67.69,68.59,2996344
9/16/15 16:00,68.92,69.42,68.63,69.18,3410560
9/17/15 16:00,69.23,70.98,69.02,69.91,4229245
9/18/15 16:00,69.25,70.06,69.18,69.45,5328184
9/21/15 16:00,69.3,70.18,69.25,70.05,2511850
9/22/15 16:00,69.58,70.04,68.94,69.15,3384943
9/23/15 16:00,69.18,69.36,68.46,69.09,1923828
9/24/15 16:00,68.87,70.47,68.65,70.32,3774239
9/25/15 16:00,70.31,71.42,69.91,70.71,3302502
9/28/15 16:00,70.59,71.26,70.34,70.45,3013882
9/29/15 16:00,70.44,70.9,70.04,70.73,2782513
9/30/15 16:00,70.95,72.02,70.65,71.94,3209815
10/1/15 16:00,71.99,72.13,70,70.67,3411017
10/2/15 16:00,71.32,71.99,70.54,71.96,4122593
10/5/15 16:00,72.33,73.3,71.78,73.08,3157200
10/6/15 16:00,72.99,73.44,72.34,73.09,4497605
10/7/15 16:00,73.15,73.43,72.59,72.67,4097533
10/8/15 16:00,72.4,73.22,72.14,73,2344276
10/9/15 16:00,72.93,73.24,72.02,72.26,3071586
10/12/15 16:00,72.26,73.47,72.25,72.82,2304375
10/13/15 16:00,72.75,73.1,72.25,72.53,2391084
10/14/15 16:00,72.56,72.94,72.25,72.34,2226469
10/15/15 16:00,72.69,73.59,72.29,73.48,2307929
10/16/15 16:00,73.83,74.17,73.45,73.59,2575199
10/19/15 16:00,73.49,73.78,72.73,73.58,2183596
10/20/15 16:00,73.49,74.08,73.31,73.7,2445225
10/21/15 16:00,73.96,74.38,73.56,73.86,2028222
10/22/15 16:00,74.02,75.29,73.81,75.06,2462991
10/23/15 16:00,74.87,75.24,73.6,73.74,2054990
10/26/15 16:00,73.94,73.94,71.59,72.25,5127422
10/27/15 16:00,72.25,72.87,72.02,72.41,3096010
10/28/15 16:00,72.5,72.89,70.73,71.55,2568454
10/29/15 16:00,71.19,71.62,70.3,71.57,3941398
10/30/15 16:00,71.63,71.89,71.27,71.47,2918894
11/2/15 16:00,71.4,72.29,71.09,72.18,3324379
11/3/15 16:00,71.85,72.37,71.5,72.24,2884126
11/4/15 16:00,72.07,72.55,71.7,71.93,3143837
11/5/15 16:00,71.8,72.18,70.69,71.45,4090104
11/6/15 16:00,69.99,70.06,67.07,67.76,7414447
11/9/15 16:00,67.42,68.87,67.33,67.97,5404106
11/10/15 16:00,67.25,67.79,67.13,67.37,3067400
11/11/15 16:00,67.53,68.44,67.4,68.23,2738011
11/12/15 16:00,68.01,68.81,67.28,67.29,3095556
11/13/15 16:00,67.45,67.99,66.68,66.89,3497082
11/16/15 16:00,66.89,67.75,66.76,67.73,2782486
11/17/15 16:00,67.54,68.01,65.65,65.83,5423417
11/18/15 16:00,66.14,67.3,65.82,67.2,3856609
11/19/15 16:00,67.49,68.53,67.25,68.49,3770637
11/20/15 16:00,68.85,69.46,68.64,69.1,3734015
11/23/15 16:00,69.05,69.25,67.79,68.01,3442340
11/24/15 16:00,67.76,68.19,67.36,68.08,2860850
11/25/15 16:00,67.97,68.16,67.58,67.72,1972953
11/27/15 16:00,67.74,68.3,67.49,67.51,1482006
11/30/15 16:00,67.61,68.23,67.55,67.76,3847729
12/1/15 16:00,68.05,68.44,67.39,68.06,2846877
12/2/15 16:00,67.88,67.94,66.06,66.13,4304032
12/3/15 16:00,66.04,66.73,65.5,66.23,3960434
12/4/15 16:00,66.49,67.1,66.3,67.04,2712078
12/7/15 16:00,66.8,68.56,66.77,68.5,4328101
12/8/15 16:00,68.27,68.6,67.81,68.44,3690121
12/9/15 16:00,68.17,69.5,67.9,68.61,2703195
12/10/15 16:00,68.45,68.46,67.31,67.43,2972519
12/11/15 16:00,67.19,67.98,66.99,67.84,4730328
12/14/15 16:00,67.81,68.5,67.25,68.45,3645009
12/15/15 16:00,68.57,69.53,68.26,68.84,4233305
12/16/15 16:00,69.29,70.29,69.11,70.03,4747795
12/17/15 16:00,70.07,71.02,69.7,70.5,4204937
12/18/15 16:00,70.08,70.35,68.78,69.6,6122722
12/21/15 16:00,69.96,70.26,69.33,69.81,2122635
12/22/15 16:00,70.35,71.15,69.66,70.95,2948958
12/23/15 16:00,71.15,72.31,71.08,72,2737702
12/24/15 16:00,72,72.39,71.9,72.04,1018162
12/28/15 16:00,71.75,72.26,71.6,71.92,2351806
12/29/15 16:00,72.28,72.75,72.17,72.37,1943634
12/30/15 16:00,72.37,72.6,72.12,72.19,2062133
12/31/15 16:00,72.14,72.22,70.74,71.39,2999478
1/4/16 16:00,70.93,71.21,70.16,71.19,3565451
1/5/16 16:00,71.18,71.85,70.18,71.7,2706795
1/6/16 16:00,71.11,72.18,70.87,71.86,2382816
1/7/16 16:00,71.05,71.77,70.89,71.2,2887788
1/8/16 16:00,71.19,71.68,70.91,71.04,2198006
1/11/16 16:00,71.25,72.05,71.2,71.83,2968865
1/12/16 16:00,72.14,72.26,70.6,71.27,2975860
1/13/16 16:00,71.36,72.35,71.29,71.7,2622719
1/14/16 16:00,71.73,72.83,71.16,72.37,3645240
1/15/16 16:00,71.48,72.3,71.02,72.08,4706989
1/19/16 16:00,72.47,73.36,72.09,73.16,3179767
1/20/16 16:00,72.57,72.99,70.65,71.42,3593012
1/21/16 16:00,71.7,72.14,70.35,71.09,4501432
1/22/16 16:00,71.58,72.24,70.95,72.18,3161445
1/25/16 16:00,72.19,72.29,71.52,71.8,2398541
1/26/16 16:00,72,73.2,71.74,72.22,2601256
1/27/16 16:00,72,72.89,71.66,72.41,2087017
1/28/16 16:00,72.17,73.96,71.83,73.47,2293980
1/29/16 16:00,73.99,75.41,73.93,75.3,4822240
2/1/16 16:00,75.18,77.68,75.02,77,6727089
2/2/16 16:00,76.09,76.94,76.03,76.75,4666959
2/3/16 16:00,76.84,78.72,76.76,78.56,4913234
2/4/16 16:00,78.27,79.03,77.88,78.58,4545889
2/5/16 16:00,78.17,79.22,77.35,79.04,3521930
2/8/16 16:00,79.25,80.1,78.6,79.17,5350535
2/9/16 16:00,78.75,79.81,78.24,78.93,3806008
2/10/16 16:00,77.61,78.56,76.39,78.12,4134944
2/11/16 16:00,77.77,78.31,76.77,76.8,4053353
2/12/16 16:00,76.96,77.31,75.51,76.24,4519946
2/16/16 16:00,76.2,76.49,75.45,76.29,3550165
2/17/16 16:00,76.52,76.58,75.27,75.5,4987423
2/18/16 16:00,75.04,76.66,74.69,76.21,6529897
2/19/16 16:00,75.93,75.93,74.19,74.55,6272120
2/22/16 16:00,74.8,75.21,74.26,74.84,3893699
2/23/16 16:00,74.65,75.17,74.23,74.81,4231839
2/24/16 16:00,74.99,75.44,74.34,74.95,3869778
2/25/16 16:00,75.16,76.45,74.84,76.44,3494067
2/26/16 16:00,76.07,76.31,73.95,74.03,4250455
2/29/16 16:00,73.96,74.94,73.79,74.28,3519326
3/1/16 16:00,74.66,74.72,72.7,73.35,6079708
3/2/16 16:00,73.35,73.88,72.48,73.63,12096999
3/3/16 16:00,73.76,74.42,72.94,74.33,4237982
3/4/16 16:00,73.98,75.55,73.67,75.17,3826849
3/7/16 16:00,75,76.26,74.82,76.25,3469795
3/8/16 16:00,76.32,77.31,75.9,77.27,4691546
3/9/16 16:00,77,77.83,76.7,77.51,5048720
3/10/16 16:00,77.51,77.88,76.84,77.26,4552841
3/11/16 16:00,77.92,78.15,77.51,77.76,2908913
3/14/16 16:00,77.96,78.04,77.21,77.72,2902285
3/15/16 16:00,77.5,78.26,77.44,78.05,3312275
3/16/16 16:00,78.2,79.08,77.08,78.95,3422083
3/17/16 16:00,79.05,80.22,78.68,79.99,1630338
3/18/16 16:00,80.26,80.4,79.42,79.67,6526815
3/21/16 16:00,79.06,79.95,78.55,79.52,2940607
3/22/16 16:00,79.42,79.8,78.84,78.88,2862750
3/23/16 16:00,78.86,80.01,78.43,79.81,2565722
3/24/16 16:00,79.54,80.11,79.33,79.75,2609455
3/28/16 16:00,79.75,80.35,79.31,79.48,1745681
3/29/16 16:00,79.7,80.46,79.06,80.44,2770448
3/30/16 16:00,80.4,80.59,79.78,80.35,1660088
3/31/16 16:00,80.35,80.71,79.81,80.68,2812976
4/1/16 16:00,80.48,81.32,80.28,81.13,3155315
4/4/16 16:00,81.15,81.38,80.4,81.09,1903429
4/5/16 16:00,81.06,81.39,79.77,79.9,3002202
4/6/16 16:00,79.6,79.77,78.67,79.36,3309485
4/7/16 16:00,79.2,80.01,79.2,79.29,2506888
4/8/16 16:00,79.63,80.35,79.54,79.77,1953681
4/11/16 16:00,79.84,80.19,79.43,79.44,1928322
4/12/16 16:00,79.75,80.39,79.35,80.22,2075295
4/13/16 16:00,80.41,80.41,79.13,79.63,1899901
4/14/16 16:00,79.61,79.76,79.06,79.45,1807844
4/15/16 16:00,79.46,80.17,79.34,80,2520760
4/18/16 16:00,79.85,80.4,79.49,80.4,1993496
4/19/16 16:00,80.56,80.64,79.31,79.79,3543490
4/20/16 16:00,79.99,80.25,78.13,78.2,3238046
4/21/16 16:00,78.2,78.29,76.21,76.34,4966961
4/22/16 16:00,76.64,77.12,76.43,77.01,2711569
4/25/16 16:00,76.82,77.17,76.43,76.76,2807352
4/26/16 16:00,76.97,77.21,76.53,76.95,2105591
4/27/16 16:00,77.24,78.58,77.01,78.06,2927600
4/28/16 16:00,77.32,78.42,77.02,78.34,2286957
4/29/16 16:00,77.81,78.85,77.24,78.78,2726328
5/2/16 16:00,78.83,79.63,78.68,78.94,2990164
5/3/16 16:00,78.94,79.61,78.37,78.84,3026758
5/4/16 16:00,78.83,80.61,78.64,80.02,4192424
5/5/16 16:00,79.7,80.74,79.54,80.18,3698428
5/6/16 16:00,80.11,80.13,78.36,79.38,4454174
5/9/16 16:00,79.34,80.43,79.14,80.06,2679087
5/10/16 16:00,80.41,80.5,79.84,80.06,2457833
5/11/16 16:00,80.3,80.5,79.55,80.49,2704407
5/12/16 16:00,80.35,81.28,79.91,81.08,2762313
5/13/16 16:00,81.08,81.15,80.27,80.77,2612541
5/16/16 16:00,80.58,81.01,80.16,81,2425988
5/17/16 16:00,80.9,80.9,79.06,79.51,3682148
5/18/16 16:00,78.6,78.6,76.36,76.57,4109382
5/19/16 16:00,76.17,77.01,75.72,76.97,2882963
5/20/16 16:00,77.26,77.27,76.47,77,2444902
5/23/16 16:00,77.04,77.18,76.08,76.15,2754988
5/24/16 16:00,76.42,77.09,76.23,76.99,2423582
5/25/16 16:00,76.95,77.11,76.35,76.95,3613373
5/26/16 16:00,76.99,78.01,76.99,77.96,1816738
5/27/16 16:00,77.94,78.14,77.6,77.98,2194244
5/31/16 16:00,78.01,78.37,77.68,78.23,4164965
6/1/16 16:00,78.25,79.03,78,79.02,2917096
6/2/16 16:00,78.72,79.01,77.96,78.94,2453074
6/3/16 16:00,79.64,80.46,79.62,80.08,4170828
6/6/16 16:00,80.27,80.47,79.57,79.84,3007803
6/7/16 16:00,80.24,80.47,79.83,79.99,1957694
6/8/16 16:00,79.84,80.51,79.84,80.51,1672289
6/9/16 16:00,80.43,81.41,80.13,81.26,2534494
6/10/16 16:00,81.23,81.6,80.62,81.24,3222974
6/13/16 16:00,81.6,82,81.33,81.61,2879762
6/14/16 16:00,81.51,82.44,81.3,82.41,3120273
6/15/16 16:00,82.42,82.58,81.28,81.53,3228842
6/16/16 16:00,81.9,82.71,81.7,82.53,3395857
6/17/16 16:00,82.58,83,81.87,82.98,5575875
6/20/16 16:00,82.73,82.9,81.32,82,3800807
6/21/16 16:00,81.67,82.51,81.48,82,2042627
6/22/16 16:00,82.05,82.18,81.73,81.83,1697661
6/23/16 16:00,81.86,82.06,81.36,82.05,1582732
6/24/16 16:00,81.63,83.29,81.41,82.43,3698192
6/27/16 16:00,82.38,84.16,82.29,83.99,4394782
6/28/16 16:00,83.77,84,83.12,83.94,4506805
6/29/16 16:00,84.22,84.5,83.66,84.15,3699803
6/30/16 16:00,84.3,85.79,84.14,85.79,5473077
7/1/16 16:00,85.91,86.15,84.77,85.63,3402717
7/5/16 16:00,85.79,87.02,85.61,86.93,3746885
7/6/16 16:00,86.86,87.31,86.29,87.23,3785900
7/7/16 16:00,86.79,87.02,84.94,85.29,4186596
7/8/16 16:00,85.16,86.06,84.22,86.01,2809928
7/11/16 16:00,85.43,86.12,84.58,86.01,2648536
7/12/16 16:00,85.5,85.75,84.37,84.44,3774764
7/13/16 16:00,84.99,85.21,84.51,85.05,3694906
7/14/16 16:00,84.45,84.94,84.2,84.75,2990594
7/15/16 16:00,84.99,85.29,84.45,84.92,2334411
7/18/16 16:00,85.13,85.63,85,85.25,2965382
7/19/16 16:00,85.17,85.49,84.82,85.38,4025276
7/20/16 16:00,85.38,85.43,84.58,84.92,2124911
7/21/16 16:00,84.56,85.5,84.23,85.4,2360475
7/22/16 16:00,85.25,86.57,85,86.5,2226854
7/25/16 16:00,86.49,86.71,86.03,86.69,2185642
7/26/16 16:00,86.64,86.84,85.56,85.75,2250030
7/27/16 16:00,85.6,85.65,84.15,84.83,3751738
7/28/16 16:00,84.87,85.43,84.64,85.2,1724844
7/29/16 16:00,85.45,85.99,85.21,85.59,3197196
8/1/16 16:00,85.4,86,85.33,85.65,2445537
8/2/16 16:00,85.24,85.73,84.81,85.56,3083802
8/3/16 16:00,85.43,85.58,84.7,85.15,3076765
8/4/16 16:00,85,85.5,84.8,85.24,2351747
8/5/16 16:00,85,85,84.05,84.23,3539824
8/8/16 16:00,84.33,85.12,83.85,84.74,3977505
8/9/16 16:00,84.66,85.03,84.36,84.73,3195898
8/10/16 16:00,84.03,84.54,83.28,83.79,2732128
8/11/16 16:00,83.92,83.97,83.46,83.91,2731303
8/12/16 16:00,84.14,84.3,83.45,83.49,2634738
8/15/16 16:00,83.61,83.8,81.61,81.66,4021111
8/16/16 16:00,81.51,81.58,80.41,80.45,4648975
8/17/16 16:00,80.45,81.82,79.15,81.69,5850867
8/18/16 16:00,81.56,82.78,81.52,82.78,3961192
8/19/16 16:00,82.45,82.56,81.23,81.65,2632006
8/22/16 16:00,81.88,82.22,81.49,81.89,1888706
8/23/16 16:00,82.02,82.35,81.43,81.45,2199317
8/24/16 16:00,81.38,81.75,80.8,81.56,2048569
8/25/16 16:00,81.66,82.08,81.45,81.73,1858326
8/26/16 16:00,81.74,82.17,79.82,79.92,2400721
8/29/16 16:00,80.11,80.61,80.07,80.44,1923422
8/30/16 16:00,80.4,80.79,79.4,79.52,3101032
8/31/16 16:00,79.52,79.75,79.22,79.66,3546181
9/1/16 16:00,79.66,79.8,79.13,79.33,2428567
9/2/16 16:00,79.33,80.28,79.22,80.24,2767609
9/6/16 16:00,80.55,81.23,80.24,80.94,2775929
9/7/16 16:00,81.26,81.26,80.38,80.54,2259627
9/8/16 16:00,80.44,81.01,80.27,80.81,2047107
9/9/16 16:00,80.04,80.22,77.92,77.95,3329291
9/12/16 16:00,78.11,79.56,77.9,79.28,3518388
9/13/16 16:00,79.32,79.46,78.44,78.79,3602362
9/14/16 16:00,79.75,87.75,78.38,78.67,2531933
9/15/16 16:00,78.26,79.17,78.26,79.06,2518507
9/16/16 16:00,78.54,79.68,78.45,79.61,5057725
9/19/16 16:00,79.77,80.52,79.65,80.46,3159627
9/20/16 16:00,80.51,80.84,80.17,80.17,2399704
9/21/16 16:00,80.18,81.93,80.17,81.9,2728149
9/22/16 16:00,82.12,82.63,81.76,82.51,2707344
9/23/16 16:00,82.28,82.79,82,82.52,2348821
9/26/16 16:00,82.42,82.67,81.86,82.15,2718086
9/27/16 16:00,82.51,82.81,81.29,81.43,2268288
9/28/16 16:00,81.73,81.73,80.44,81.1,1998505
9/29/16 16:00,80.82,80.82,79.68,80.31,2898317
9/30/16 16:00,80.62,80.94,79.51,80.04,3883040
10/3/16 16:00,79.78,79.84,78.53,79.09,2963183
10/4/16 16:00,79.1,79.49,77.11,77.46,3491927
10/5/16 16:00,77.58,78.37,76.93,77.09,3834155
10/6/16 16:00,77.05,77.91,76.54,77.09,5137591
10/7/16 16:00,77.63,78.21,76.52,76.57,4537993
10/10/16 16:00,76.88,77.38,76.54,77.06,2381509
10/11/16 16:00,76.8,76.82,75.81,75.91,3479439
10/12/16 16:00,76.03,76.81,76,76.65,3082368
10/13/16 16:00,76.57,78.47,76.57,77.94,3773614
10/14/16 16:00,77.68,77.98,77.18,77.21,2460481
10/17/16 16:00,77.3,77.81,77.24,77.54,1784521
10/18/16 16:00,77.91,78.25,76.95,77.9,2481537
10/19/16 16:00,77.9,78.28,77.5,78.13,2547351
10/20/16 16:00,78.23,79.09,77.97,78.42,2803992
10/21/16 16:00,78.02,78.26,77.55,78.02,2133129
10/24/16 16:00,78.31,78.61,77.81,78.4,2868073
10/25/16 16:00,78.27,78.82,78.15,78.59,3664546
10/26/16 16:00,78.58,78.93,78.12,78.77,2215132
10/27/16 16:00,78.44,78.74,77.94,78.42,1982544
10/28/16 16:00,78.57,79.09,78.28,78.72,1608778
10/31/16 16:00,78.96,80.49,78.8,80.02,3523874
11/1/16 16:00,80.04,80.05,78.34,78.57,2984949
11/2/16 16:00,78.37,78.47,76.93,78,3239576
11/3/16 16:00,77.83,78.36,77.4,77.98,2455263
11/4/16 16:00,78.5,79.18,77.18,77.27,2848385
11/7/16 16:00,77.81,79.13,76.9,79.13,3303652
11/8/16 16:00,79.32,79.99,79,79.65,2243228
11/9/16 16:00,79,79,77.15,77.34,4758166
11/10/16 16:00,76.99,76.99,73.69,75.16,6005220
11/11/16 16:00,75.11,75.98,74.75,75.24,3745792
11/14/16 16:00,75.09,75.1,73.58,74.44,5902555
11/15/16 16:00,74.96,76.37,74.86,75.93,4441534
11/16/16 16:00,75.28,75.57,73.69,73.97,4849292
11/17/16 16:00,73.96,74.5,73.75,73.87,4460056
11/18/16 16:00,74.01,74.21,73.34,73.6,4450492
11/21/16 16:00,73.99,74.5,73.78,74.43,3204317
11/22/16 16:00,74.12,74.34,73.27,73.88,3590753
11/23/16 16:00,73.32,74.3,73.23,73.54,2947778
11/25/16 16:00,73.75,74.71,73.73,74.35,1972203
11/28/16 16:00,74.66,76.14,74.62,76.08,4048978
11/29/16 16:00,75.79,76.67,75.63,76.37,3763059
11/30/16 16:00,75.27,75.36,73.77,73.77,5583153
12/1/16 16:00,73.5,73.57,72.47,72.75,4324845
12/2/16 16:00,73.3,74.18,72.94,73.42,3754148
12/5/16 16:00,73.14,73.61,72.34,73.61,3559101
12/6/16 16:00,73.83,74.22,73.6,73.86,3140033
12/7/16 16:00,73.98,74.77,73.88,74.67,3370885
12/8/16 16:00,74.11,74.93,73.5,74.73,3386584
12/9/16 16:00,74.68,75.84,74.61,75.82,3196119
12/12/16 16:00,75.65,76.59,75.58,76.48,3963607
12/13/16 16:00,76.67,77.45,76.52,77.32,3968706
12/14/16 16:00,77.6,77.94,75.35,75.53,4756011
12/15/16 16:00,75.34,76.11,74.95,76.03,3127527
12/16/16 16:00,76.2,76.8,75.78,76.59,7037998
12/19/16 16:00,77.1,77.24,76.37,77.13,2774996
12/20/16 16:00,76.71,77.58,76.62,77.35,2639181
12/21/16 16:00,77.23,77.66,76.98,77,2013230
12/22/16 16:00,76.96,78.05,76.91,77.77,3339006
12/23/16 16:00,77.77,77.83,77.25,77.62,1421414
12/27/16 16:00,77.49,77.73,77.13,77.48,1554468
12/28/16 16:00,77.54,77.62,76.9,77.03,1897615
12/29/16 16:00,77.11,78.17,77,78.02,2976489
12/30/16 16:00,78.05,78.24,77.35,77.62,2465556
1/3/17 16:00,77.65,78.02,77.02,77.73,2905885
1/4/17 16:00,77.65,78.35,77.63,77.65,2531056
1/5/17 16:00,77.9,77.96,77.04,77.75,3284643
1/6/17 16:00,77.5,77.87,77.26,77.49,3132399
1/9/17 16:00,77.61,77.73,76.4,76.64,4585676
1/10/17 16:00,76.49,76.83,76.14,76.5,2839994
1/11/17 16:00,76.28,77.2,76.25,77.1,2726221
1/12/17 16:00,76.97,77.61,76.77,77.54,2476286
1/13/17 16:00,77.34,77.48,76.77,77.21,1954531
1/17/17 16:00,77.3,77.83,77.26,77.46,3754997
1/18/17 16:00,77.38,77.91,77.29,77.5,2235709
1/19/17 16:00,77.27,77.57,76.88,77.12,2575474
1/20/17 16:00,77.32,77.58,76.95,77.33,2662840
1/23/17 16:00,77.43,77.68,76.89,77.03,2166778
1/24/17 16:00,77.2,77.33,76.86,77.18,2750783
1/25/17 16:00,76.93,77.12,76.56,77.08,2346970
1/26/17 16:00,76.99,77.23,76.65,77.12,3085410
1/27/17 16:00,77.32,77.63,76.73,76.94,2562052
1/30/17 16:00,76.98,77.52,76.7,77.12,2378276
1/31/17 16:00,77.12,78.56,77.12,78.54,3753652
2/1/17 16:00,78.14,78.26,77.08,77.36,3454980
2/2/17 16:00,77.57,77.94,77.16,77.79,2997371
2/3/17 16:00,77.89,78.04,77.48,77.65,2478070
2/6/17 16:00,77.89,78.04,77.45,77.57,2016971
2/7/17 16:00,77.65,77.86,77.41,77.75,1629926
2/8/17 16:00,77.82,78.71,77.74,78.64,2973576
2/9/17 16:00,78.53,78.84,77.57,77.75,3351432
2/10/17 16:00,77.59,78.16,77.59,78.1,2549973
2/13/17 16:00,78.26,78.69,77.9,78.69,2925882
2/14/17 16:00,78.56,78.68,77.59,78.04,3714291
2/15/17 16:00,76.79,77.17,76.28,76.78,3802109
2/16/17 16:00,77.17,79.21,76.77,78.9,6793779
2/17/17 16:00,78.7,78.99,77.98,78.36,4104558
2/21/17 16:00,78.3,79.22,77.93,79.09,2734984
2/22/17 16:00,79.21,79.99,78.96,79.87,2895026
2/23/17 16:00,79.98,81.07,79.9,80.91,2801227
2/24/17 16:00,81.2,82.21,81.17,81.96,3846758
2/27/17 16:00,81.93,82.2,81.5,81.86,2505846
2/28/17 16:00,81.59,82.82,81.59,82.55,3529876
3/1/17 16:00,81.6,82.52,81.2,81.93,4832281
3/2/17 16:00,81.6,82.78,81.39,82.36,4176131
3/3/17 16:00,82.14,82.16,81.28,81.91,2856184
3/6/17 16:00,81.96,82.08,81.53,81.87,2785102
3/7/17 16:00,81.59,82.07,81.46,81.69,3732371
3/8/17 16:00,81.11,81.12,80.25,80.32,3342612
3/9/17 16:00,80.52,80.79,80.02,80.05,3074490
3/10/17 16:00,80.41,80.95,80.17,80.64,3334445
3/13/17 16:00,80.8,80.97,80.46,80.87,3383101
3/14/17 16:00,80.85,81.11,80.61,80.87,2151186
3/15/17 16:00,81.08,82.36,80.84,82,3727684
3/16/17 16:00,82.2,82.33,81.24,81.62,4352245
3/17/17 16:00,81.85,82.25,81.52,81.84,7276375
3/20/17 16:00,81.93,82.1,80.86,81.18,3270978
3/21/17 16:00,81.15,83.01,81.12,82.68,5092488
3/22/17 16:00,82.99,83.59,82.58,82.76,2881695
3/23/17 16:00,82.49,83.29,82.35,82.68,2409985
3/24/17 16:00,82.61,83.27,82.45,82.99,2078812
3/27/17 16:00,83.32,83.58,82.41,82.79,2125771
3/28/17 16:00,82.54,82.98,82.35,82.93,2458530
3/29/17 16:00,82.74,82.74,82.19,82.42,2087586
3/30/17 16:00,82.11,82.12,81.66,82.04,2467343
3/31/17 16:00,81.91,82.47,81.73,82.01,2251821
4/3/17 16:00,81.9,82.29,81.27,82.25,2756209
4/4/17 16:00,82.24,82.69,81.98,82.37,1761394
4/5/17 16:00,82.27,82.97,82.11,82.87,2063954
4/6/17 16:00,82.66,82.87,82.37,82.59,2499238
4/7/17 16:00,82.8,82.99,82.21,82.26,2453141
4/10/17 16:00,82.3,82.44,81.85,82.4,2563932
4/11/17 16:00,82.32,82.4,81.78,82.19,1876596
4/12/17 16:00,81.96,82.84,81.76,82.78,2230805
4/13/17 16:00,82.76,82.9,82.13,82.59,2425152
4/17/17 16:00,82.7,83.01,82.54,82.93,2046645
4/18/17 16:00,82.9,83.26,82.65,82.86,2257382
4/19/17 16:00,82.84,82.91,82.02,82.35,2132635
4/20/17 16:00,82.16,82.16,81.42,82.03,2330809
4/21/17 16:00,82.1,82.7,82.03,82.21,2471076
4/24/17 16:00,82.41,82.69,81.64,82.58,2641318
4/25/17 16:00,82.41,82.72,82.12,82.69,2954379
4/26/17 16:00,82.57,83.29,82.44,82.6,2291774
4/27/17 16:00,82.68,83.35,82.6,82.9,1736736
4/28/17 16:00,82.71,82.9,82.26,82.5,2166592
5/1/17 16:00,82.51,82.62,81.85,82.07,2069884
5/2/17 16:00,82.23,82.58,81.9,82.39,2576111
5/3/17 16:00,82.28,82.55,81.91,82.04,2128876
5/4/17 16:00,81.93,82.66,81.87,82.59,2110419
5/5/17 16:00,82.69,83.15,82.69,82.98,2144467
5/8/17 16:00,83.02,83.16,82.37,82.92,2179707
5/9/17 16:00,82.53,82.97,82.08,82.11,2477977
5/10/17 16:00,82.27,82.7,82.01,82.48,2142991
5/11/17 16:00,82.15,83.02,82.06,83,2372914
5/12/17 16:00,83.1,83.67,83.02,83.48,2013524
5/15/17 16:00,83.55,83.79,83.26,83.58,2034148
5/16/17 16:00,83.58,83.8,83.09,83.12,2614679
5/17/17 16:00,82.3,83.24,82.3,82.78,4344700
5/18/17 16:00,83.1,83.66,82.49,83.25,3772291
5/19/17 16:00,83.36,83.43,82.72,83.37,3104653
5/22/17 16:00,83.27,84.34,83.19,84.1,2213195
5/23/17 16:00,84.13,84.78,84.02,84.3,1749293
5/24/17 16:00,84.47,84.88,84.39,84.69,2971948
5/25/17 16:00,84.81,85.25,84.61,85.14,2802506
5/26/17 16:00,85.19,85.35,84.95,85.07,2023992
5/30/17 16:00,85.2,85.54,84.88,85.41,2501605
5/31/17 16:00,85.52,86.01,85.4,85.68,3250810
6/1/17 16:00,85.48,86.4,85.24,86.4,3158924
6/2/17 16:00,86.79,86.8,85.92,86.28,2114546
6/5/17 16:00,86.25,86.3,85.69,85.83,2284907
6/6/17 16:00,86.09,86.16,85.66,85.81,2066777
6/7/17 16:00,85.81,86.24,85.58,86.09,3025144
6/8/17 16:00,85.98,86.02,84.75,85.38,2571059
6/9/17 16:00,85.1,85.75,84.92,85.72,2264339
6/12/17 16:00,85.73,86.19,85.08,85.62,3292875
6/13/17 16:00,85.53,86.05,85.42,85.95,2421358
6/14/17 16:00,86.44,86.84,86.09,86.32,2432857
6/15/17 16:00,86.21,86.96,86.08,86.95,2468139
6/16/17 16:00,87.12,87.49,86.91,87.14,4996929
6/19/17 16:00,87.31,87.31,86.52,86.89,2394499
6/20/17 16:00,86.84,87.05,86.67,86.91,2420427
6/21/17 16:00,86.93,87.14,86.12,86.57,1735199
6/22/17 16:00,86.4,86.73,86.22,86.28,2106922
6/23/17 16:00,86.22,86.6,85.86,85.96,1543029
6/26/17 16:00,86.33,87.05,85.99,86.7,2834523
6/27/17 16:00,86.36,86.54,85.45,85.7,2404538
6/28/17 16:00,86.03,86.08,84.86,84.97,3180745
6/29/17 16:00,84.73,84.73,83.77,84.03,3859286
6/30/17 16:00,84.15,84.42,83.59,83.59,3607589
7/3/17 16:00,83.78,83.84,83.16,83.31,1705902
7/5/17 16:00,83.32,83.49,82.72,83.29,3529856
7/6/17 16:00,83.1,83.3,82.77,83.21,2801781
7/7/17 16:00,83.22,83.75,83.09,83.42,2531389
7/10/17 16:00,83.58,83.82,83.16,83.19,1833410
7/11/17 16:00,83.37,83.44,82.8,83.18,2558030
7/12/17 16:00,83.83,84.27,83.71,83.98,2946639
7/13/17 16:00,83.82,83.98,83.35,83.37,2175390
7/14/17 16:00,83.85,84.13,83.68,83.84,1377285
7/17/17 16:00,83.84,84.1,83.6,84.03,1594112
7/18/17 16:00,84.07,84.28,83.93,84.19,1653505
7/19/17 16:00,84.27,84.43,83.96,84.35,1785864
7/20/17 16:00,84.6,84.95,84.24,84.93,1971679
7/21/17 16:00,84.89,85.23,84.38,85.2,2494385
7/24/17 16:00,85.24,85.28,84.33,84.55,2541732
7/25/17 16:00,84.57,84.66,83.69,83.81,1926924
7/26/17 16:00,83.68,84.46,83.6,84.45,1702555
7/27/17 16:00,84.2,85.05,84.05,85.05,2179750
7/28/17 16:00,85.01,85.23,84.58,84.91,2089799
7/31/17 16:00,84.9,85.33,84.66,85.12,2441984
8/1/17 16:00,85.15,85.52,85.05,85.17,2825051
8/2/17 16:00,85.01,85.74,84.65,85.74,2131500
8/3/17 16:00,86,86.52,85.51,86.51,2915400
8/4/17 16:00,86.17,86.58,85.97,86.48,2599641
8/7/17 16:00,86.46,86.55,86,86.26,2026377
8/8/17 16:00,86.1,86.61,86.01,86.6,2045763
8/9/17 16:00,86.76,86.9,86.01,86.2,2115384
8/10/17 16:00,86.2,86.6,85.76,86.39,2140557
8/11/17 16:00,86.47,86.47,85.16,85.7,2516839
8/14/17 16:00,85.82,86.27,85.64,86.12,2473805
8/15/17 16:00,85.91,86.97,85.89,86.89,1876288
8/16/17 16:00,85.97,86.37,85.71,86.31,1804213
8/17/17 16:00,86.31,86.45,85.8,85.87,2055010
8/18/17 16:00,85.75,86.83,85.61,86.38,2853827
8/21/17 16:00,86.5,86.68,86.16,86.58,2090794
8/22/17 16:00,86.58,86.71,86.11,86.55,1719810
8/23/17 16:00,86.57,86.99,86.14,86.88,1931889
8/24/17 16:00,86.74,87.12,86.57,86.77,1984917
8/25/17 16:00,87.39,87.55,86.97,87.23,1708883
8/28/17 16:00,87.37,87.5,86.97,87.42,1185375
8/29/17 16:00,87.55,87.95,87.33,87.5,1828384
8/30/17 16:00,87.32,87.58,87.07,87.28,1425728
8/31/17 16:00,87.38,87.53,87.22,87.3,2188330
9/1/17 16:00,87.48,87.55,86.73,87.09,1364028
9/5/17 16:00,87.2,87.53,86.79,87.41,1995115
9/6/17 16:00,87.52,87.62,86.81,86.99,1978908
9/7/17 16:00,87.09,87.56,86.87,87.34,1943652
9/8/17 16:00,87.37,88.03,87.21,87.78,1938288
9/11/17 16:00,87.64,88.4,87.47,88.34,1674681
9/12/17 16:00,88.3,88.34,86.72,87.28,2900220
9/13/17 16:00,87.22,87.24,86.66,86.77,2544780
9/14/17 16:00,86.74,87.58,86.53,87.5,2755926
9/15/17 16:00,87.5,87.78,86.82,87.3,6419300
9/18/17 16:00,87.3,87.31,85.53,86.06,2868185
9/19/17 16:00,86.06,86.27,85.88,85.98,1954331
9/20/17 16:00,86.21,86.25,84.86,85.2,2982650
9/21/17 16:00,85.22,85.66,85,85.16,2456066
9/22/17 16:00,85.36,85.4,84.22,84.25,1799186
9/25/17 16:00,84.25,85.14,84.24,85.14,2117308
9/26/17 16:00,85.04,85.16,84.69,84.82,1570622
9/27/17 16:00,84.4,84.6,83.52,83.94,2318947
9/28/17 16:00,83.65,84.5,83.4,84.26,2365763
9/29/17 16:00,84.13,84.22,83.6,83.92,2384511
10/2/17 16:00,84.07,84.62,83.78,84.36,2601145
10/3/17 16:00,84.2,84.23,83.52,83.85,1926595
10/4/17 16:00,83.9,84.48,83.65,84.47,3088761
10/5/17 16:00,84.56,84.72,84.14,84.29,2060336
10/6/17 16:00,84.01,84.74,83.8,84.64,2744526
10/9/17 16:00,84.75,85.25,84.69,84.82,2720918
10/10/17 16:00,85,85.88,84.8,85.79,1593084
10/11/17 16:00,85.8,86.68,85.76,86.39,2235905
10/12/17 16:00,86.45,87.07,86.4,86.97,2273027
10/13/17 16:00,87.18,87.6,86.75,86.79,2073122
10/16/17 16:00,86.7,87.15,86.42,87.13,1728720
10/17/17 16:00,86.99,87.59,86.78,87.51,2355546
10/18/17 16:00,87.34,87.46,86.51,87.04,1530565
10/19/17 16:00,87.02,87.88,87.01,87.85,1672524
10/20/17 16:00,87.73,88.06,87.52,87.93,2033616
10/23/17 16:00,87.96,88,86.88,87.54,2609622
10/24/17 16:00,87.65,88.06,87.34,87.99,2197754
10/25/17 16:00,87.61,87.96,86.71,87.75,2268440
10/26/17 16:00,88.12,88.55,87.35,87.36,2708370
10/27/17 16:00,87.23,88.52,87.12,87.95,2059794
10/30/17 16:00,87.78,88.2,87.68,88.11,2262259
10/31/17 16:00,88,88.64,87.8,88.31,2666735
11/1/17 16:00,88.56,88.56,87.56,87.86,2024612
11/2/17 16:00,88,88.73,87.67,88.56,3518305
11/3/17 16:00,88.28,89.5,88.16,88.52,2405165
11/6/17 16:00,88.36,88.72,87.77,87.87,2557215
11/7/17 16:00,88.08,89.43,87.61,89.36,2315029
11/8/17 16:00,89.15,89.68,88.67,89.23,3057729
11/9/17 16:00,89.06,89.74,88.91,89.63,2101624
11/10/17 16:00,89.1,89.29,88.65,88.89,2216668
11/13/17 16:00,89.06,90.22,88.98,89.88,2626644
11/14/17 16:00,89.68,91.14,89.61,91.09,2713140
11/15/17 16:00,91.38,91.8,90.42,90.58,3304371
11/16/17 16:00,89.75,89.91,88.88,89.21,3205160
11/17/17 16:00,88.86,89.28,88.45,88.52,2652701
11/20/17 16:00,88.62,88.99,88.32,88.66,2559207
11/21/17 16:00,88.76,89.2,88.66,88.81,2466994
11/22/17 16:00,88.74,88.89,88.29,88.63,1653034
11/24/17 13:00,88.82,89.08,88.64,88.78,936345
11/27/17 16:00,88.89,89.02,88.41,88.88,3129284
11/28/17 16:00,89.08,89.4,88.68,88.98,3013696
11/29/17 16:00,88.77,89.35,88.32,89,2917801
11/30/17 16:00,89.15,89.41,88.74,89.18,4393116
12/1/17 16:00,89.39,89.72,88.19,88.73,3088450
12/4/17 16:00,89.07,89.43,88.43,88.62,2552267
12/5/17 16:00,88.71,88.75,87.45,87.96,3261279
12/6/17 16:00,88.23,88.5,87.88,88.31,1970421
12/7/17 16:00,88.25,88.27,87.54,87.9,2345992
12/8/17 16:00,87.57,88.12,87.57,88.05,2701688
12/11/17 16:00,87.81,88.39,87.55,88.37,2244217
12/12/17 16:00,88.04,88.23,87.07,87.13,2787210
12/13/17 16:00,87.43,88.19,87.15,87.56,3938156
12/14/17 16:00,87.52,87.84,86.72,87.56,2437793
12/15/17 16:00,87.71,88.16,87.55,87.84,6372814
12/18/17 16:00,88,88.15,86.4,86.54,3165990
12/19/17 16:00,86.66,86.73,84.93,85.01,2635078
12/20/17 16:00,85,85.4,84.43,84.49,2011358
12/21/17 16:00,84.45,84.77,83.75,84.3,2966418
12/22/17 16:00,84.4,84.62,83.97,84.17,1683935
12/26/17 16:00,84.26,84.38,83.56,83.6,1223077
12/27/17 16:00,83.64,84.1,83.64,83.98,1663697
12/28/17 16:00,84.08,84.26,83.86,83.99,1904534
12/29/17 16:00,84.28,84.58,83.98,84.11,2210658
1/2/18 16:00,84.28,84.42,82.9,83.23,3167926
1/3/18 16:00,83.06,83.79,82.84,82.97,2690205
1/4/18 16:00,82.82,83.23,82.15,82.32,2475760
1/5/18 16:00,82.51,82.75,81.35,81.94,3827159
1/8/18 16:00,81.98,82.31,81.72,82.2,3559950
1/9/18 16:00,82.03,82.03,80.96,81.24,2781742
1/10/18 16:00,80.78,80.95,79.92,80.11,3227185
1/11/18 16:00,79.51,80.14,79,79.28,4087206
1/12/18 16:00,79,79.61,78.55,78.9,3211356
1/16/18 16:00,79.09,79.27,78.21,78.42,4375288
1/17/18 16:00,78.36,78.7,77.62,78.41,4125186
1/18/18 16:00,78.64,78.64,77.05,77.34,4757589
1/19/18 16:00,77.47,77.82,76.64,76.82,4536693
1/22/18 16:00,77.16,77.65,76.85,76.95,3720141
1/23/18 16:00,77.75,78.45,77.24,77.71,4033929
1/24/18 16:00,77.7,77.73,77.21,77.24,3601656
1/25/18 16:00,77.23,79.22,77.2,78.9,4842928
1/26/18 16:00,78.93,79.04,78.06,78.83,3944543
1/29/18 16:00,78.55,78.57,77.17,77.29,4901333
1/30/18 16:00,77.1,77.91,76.97,77.66,3969202
1/31/18 16:00,77.78,78.58,77.25,78.5,4007042
2/1/18 16:00,78.32,78.65,76.67,76.84,4328646
2/2/18 16:00,76.82,77.73,76.43,76.53,4252429
2/5/18 16:00,76.65,77.59,75.73,75.81,5852083
2/6/18 16:00,75.15,75.25,72.93,74.49,7810777
2/7/18 16:00,74.46,75.56,74.18,74.4,4840376
2/8/18 16:00,74.09,75.87,73.8,74.32,6160098
2/9/18 16:00,74.32,76.72,73.86,76.1,6312295
2/12/18 16:00,76.12,77.25,75.66,76.81,4373075
2/13/18 16:00,76.54,77.3,75.82,77.08,3808020
2/14/18 16:00,76.62,76.66,75.45,75.48,4562984
2/15/18 16:00,74.77,76.21,74.66,76.2,3923792
2/16/18 16:00,76.07,76.89,75.77,76.7,3796604
2/20/18 16:00,76.21,76.62,74.82,75.69,4016959
2/21/18 16:00,75.58,76.5,75.3,75.33,4242824
2/22/18 16:00,75.48,76.25,75.17,75.54,3103913
2/23/18 16:00,75.45,77.3,75.38,77.22,2839067
2/26/18 16:00,79.11,79.63,77.65,77.92,5253815
2/27/18 16:00,77.88,78.29,76.33,76.33,4088571
2/28/18 16:00,76.02,76.56,75.31,75.34,3321658
3/1/18 16:00,75.35,76.82,75.16,75.56,3209749
3/2/18 16:00,75.46,76.3,74.58,75.35,3631350
3/5/18 16:00,75.22,77.67,74.87,77.49,3840629
3/6/18 16:00,77.23,77.39,75.63,75.86,3655394
3/7/18 16:00,75.41,75.7,74.93,75.25,9936928
3/8/18 16:00,75.53,76.03,75.24,75.99,4733938
3/9/18 16:00,75.9,76.15,75.52,76.13,3870073
3/12/18 16:00,76.12,76.73,76.06,76.55,3581759
3/13/18 16:00,76.9,77.33,76.19,76.47,6365020
3/14/18 16:00,76.71,77.33,76.45,77,3788880
3/15/18 16:00,76.87,77.63,76.29,76.74,4619000
3/16/18 16:00,76.9,77.73,76.74,77.59,6667112
3/19/18 16:00,77.8,77.87,76.71,77.04,5503459
3/20/18 16:00,77.02,77.37,76.33,76.43,3888505
3/21/18 16:00,76.43,77.22,75.84,76.18,4051367
3/22/18 16:00,76.34,77.53,76.08,76.19,3704793
3/23/18 16:00,76.52,76.92,75.03,75.17,3033399
3/26/18 16:00,75.3,76.07,75.23,75.92,2805938
3/27/18 16:00,75.99,77.69,75.77,77.1,4338911
3/28/18 16:00,77.32,77.76,76.56,77.42,4543164
3/29/18 16:00,77.09,77.91,77.04,77.47,3962454
4/2/18 16:00,77.55,78.05,76.57,77.1,3741064
4/3/18 16:00,77,77.64,76.68,77.26,2971422
4/4/18 16:00,77.15,77.91,76.71,77.71,3467621
4/5/18 16:00,77.69,78.79,76.76,78.6,3934179
4/6/18 16:00,78.59,78.9,78.06,78.16,3411867
4/9/18 16:00,78.14,79.05,78.04,78.47,3855057
4/10/18 16:00,78.47,78.56,77.25,77.52,4490027
4/11/18 16:00,77.35,77.78,76.79,77.08,2426840
4/12/18 16:00,77.09,77.38,75.96,76.14,2369032
4/13/18 16:00,76.27,76.99,76.26,76.67,3993231
4/16/18 16:00,76.82,78.08,76.8,77.96,2402912
4/17/18 16:00,78.01,78.75,77.79,78.5,1727839
4/18/18 16:00,78.65,79.42,78.27,78.28,2057048
4/19/18 16:00,78.16,78.61,77.85,78.52,2423263
4/20/18 16:00,78.63,78.72,77.53,77.68,2764019
4/23/18 16:00,77.88,78.23,77.57,77.99,2172716
4/24/18 16:00,78.22,78.74,77.77,78.22,4273016
4/25/18 16:00,78.16,78.9,77.82,78.89,3282055
4/26/18 16:00,78.87,79.92,78.53,79.84,2810000
4/27/18 16:00,79.6,80.75,79.5,80.5,2600522
4/30/18 16:00,80.64,80.85,80.06,80.16,2658123
5/1/18 16:00,80.16,80.3,79.62,79.83,2423175
5/2/18 16:00,79.84,80.37,79.57,79.98,2586192
5/3/18 16:00,79.75,80.09,78.82,79.76,3522555
5/4/18 16:00,79.77,80.41,79.58,79.88,3853872
5/7/18 16:00,79.87,80.13,79.44,79.5,2901410
5/8/18 16:00,79.31,79.39,77.63,77.88,4333405
5/9/18 16:00,77.81,77.95,76.88,77.64,3853512
5/10/18 16:00,78.8,79.48,77.54,78.16,4605267
5/11/18 16:00,78.21,78.4,77.53,77.91,4231040
5/14/18 16:00,78.07,78.22,77.36,77.83,3972468
5/15/18 16:00,77.35,77.66,76.57,76.93,3889087
5/16/18 16:00,76.93,77.07,75.5,76.03,5483398
5/17/18 16:00,75.05,75.28,73.91,74.15,3474784
5/18/18 16:00,74.27,74.55,73.13,73.8,3721035
5/21/18 16:00,73.98,74.06,73.35,73.68,3301740
5/22/18 16:00,73.43,74.31,73.4,74.07,2957274
5/23/18 16:00,74.33,75.05,74.19,74.87,2901126
5/24/18 16:00,74.87,75.8,74.64,75.74,4162677
5/25/18 16:00,75.74,76.02,75.58,75.81,2262642
5/29/18 16:00,75.76,77.04,75.49,76.6,4468632
5/30/18 16:00,76.27,77.19,76.04,76.98,2620788
5/31/18 16:00,76.27,77.19,76.04,76.98,2620788
6/1/18 16:00,77.12,77.15,75.53,76.08,3403158
6/4/18 16:00,76.33,76.5,75.34,75.37,3234528
6/5/18 16:00,75.44,75.51,74.58,74.75,2497265
6/6/18 16:00,74.72,74.86,73,73.14,3949466
6/7/18 16:00,73.14,74.28,72.83,73.48,3289769
6/8/18 16:00,73.54,73.76,72.87,73.12,3268522
6/11/18 16:00,73.02,73.24,71.96,72.12,4922390
6/12/18 16:00,72.13,72.85,71.98,72.48,4694244
6/13/18 16:00,72.54,72.88,72.01,72.25,5618236
6/14/18 16:00,72.5,73.68,72.37,73.46,5079884
6/15/18 16:00,73.29,74.4,73.1,74.3,6492953
6/18/18 16:00,74.28,74.65,74.04,74.41,3233011
6/19/18 16:00,74.73,75.85,74.59,75.67,4039412
6/20/18 16:00,76.29,76.6,75.77,76.19,3660943
6/21/18 16:00,76.19,77.18,76.07,76.91,4198676
6/22/18 16:00,76.9,77.67,76.76,77.43,3281154
6/25/18 16:00,77.5,79.17,77.47,79.08,4768161
6/26/18 16:00,78.98,79.53,78.65,78.79,4402452
6/27/18 16:00,78.76,79.71,78.5,79.52,3978426
6/28/18 16:00,79.75,80.15,79.1,79.23,2659398
6/29/18 16:00,79.06,79.54,78.51,79.08,3384974
7/2/18 16:00,79.21,79.86,78.9,79.76,2570014
7/3/18 13:00,79.76,80.43,79.45,79.81,2568588
7/5/18 16:00,79.96,80.62,79.61,80.61,3964630
7/6/18 16:00,80.58,81.7,80.49,81.62,2963063
7/9/18 16:00,81.59,81.59,78.37,78.64,4505739
7/10/18 16:00,78.42,79.94,77.9,79.52,3763176
7/11/18 16:00,79.71,80.58,79.69,80.38,3920950
7/12/18 16:00,80.41,80.64,80.1,80.5,3655436
7/13/18 16:00,80.67,80.93,79.98,80.62,3366172
7/16/18 16:00,80.69,80.98,80.08,80.78,4171480
7/17/18 16:00,80.94,81,80.54,80.65,2271416
7/18/18 16:00,80.74,80.74,79.9,80.44,3103353
7/19/18 16:00,80.63,81.75,80.51,81.2,3009390
7/20/18 16:00,81.06,81.33,80,80.65,3014250
7/23/18 16:00,81.23,81.23,79.67,79.97,2844934
7/24/18 16:00,80.1,80.14,78.78,79.89,4065535
7/25/18 16:00,79.79,80.62,79.69,80.18,2581298
7/26/18 16:00,80.45,81.34,80.41,81.14,2812044
7/27/18 16:00,81,81.7,80.75,81.09,2097241
7/30/18 16:00,80.85,81.2,80.6,80.77,2307058
7/31/18 16:00,81.2,81.71,80.76,81.62,3691138
8/1/18 16:00,81.14,81.44,80.14,81.05,3478532
8/2/18 16:00,80.63,81.2,79.51,80.45,4075561
8/3/18 16:00,80.52,81.72,80.29,81.55,3122260
8/6/18 16:00,81.57,82.22,80.8,81.12,3285569
8/7/18 16:00,81.12,81.18,80,80.88,2629412
8/8/18 16:00,80.62,80.9,80.18,80.43,2430006
8/9/18 16:00,80.46,80.87,80.28,80.81,1658332
8/10/18 16:00,80.98,81.8,80.85,80.89,3467127
8/13/18 16:00,80.92,81.12,80.52,80.94,4051015
8/14/18 16:00,80.97,81.53,80.78,81.22,2379153
8/15/18 16:00,81.44,82.45,81.31,81.86,3683801
8/16/18 16:00,80.91,81.84,80.55,81.79,3104928
8/17/18 16:00,81.64,82.72,81.58,82.28,3090176
8/20/18 16:00,82.38,82.57,81.62,81.81,2643581
8/21/18 16:00,81.71,81.78,80.83,81.28,2623435
8/22/18 16:00,81.4,81.8,80.54,80.83,3050015
8/23/18 16:00,80.73,81.45,80.67,80.88,1828056
8/24/18 16:00,81.07,81.49,80.66,81.41,2296572
8/27/18 16:00,81.42,81.59,80.3,80.59,2559159
8/28/18 16:00,80.44,80.62,80.16,80.35,2307888
8/29/18 16:00,80.49,80.78,80.19,80.73,2322669
8/30/18 16:00,80.96,81.45,80.64,81.32,2738674
8/31/18 16:00,81.3,81.8,80.87,81.24,3837400
9/4/18 16:00,81.38,81.88,81.24,81.42,2887194
9/5/18 16:00,81.51,83.3,81.51,83.19,4884669
9/6/18 16:00,82.62,83.77,82.62,83.47,3213561
9/7/18 16:00,82.82,83.19,81.94,82.47,3112987
9/10/18 16:00,82.72,83.23,82.26,82.31,4513116
9/11/18 16:00,82.44,82.8,81.27,81.38,4085537
9/12/18 16:00,81.23,81.5,80.61,80.89,4646311
9/13/18 16:00,80.91,82.21,80.55,82.15,4725169
9/14/18 16:00,81.99,82,81.04,81.7,3102661
9/17/18 16:00,81.77,82.14,81.26,82.08,3052088
9/18/18 16:00,82.44,82.5,81.66,81.92,4190969
9/19/18 16:00,81.89,81.96,79.62,80.09,4469636
9/20/18 16:00,80,80.74,79.27,80.62,4074923
9/21/18 16:00,80.5,80.92,78.53,79.82,15566321
9/24/18 16:00,79.71,79.97,79.43,79.61,3633655
9/25/18 16:00,79.6,79.7,78.55,78.81,4748971
9/26/18 16:00,78.8,79.25,78.04,78.09,5170025
9/27/18 16:00,78,79.32,78,78.94,3256028
9/28/18 16:00,79.13,80.06,79.1,80.02,4540880
10/1/18 16:00,79.91,80,79.19,79.55,2727189
10/2/18 16:00,79.93,80.75,79.91,80.42,2509487
10/3/18 16:00,80.34,80.61,78.52,79.19,4127455
10/4/18 16:00,79.11,80.03,78.56,79.94,3620303
10/5/18 16:00,79.9,81.72,79.83,81.4,4824767
10/8/18 16:00,81.5,82.95,81.35,82.14,4450578
10/9/18 16:00,82.27,82.69,81.81,82.25,4204180
10/10/18 16:00,82.2,83.31,81.83,81.88,5042170
10/11/18 16:00,82.15,82.41,79.67,79.98,6074710
10/12/18 16:00,79.77,80.11,79.01,79.99,5822053
10/15/18 16:00,79.92,80.85,79.71,80.13,3018442
10/16/18 16:00,80.05,81.41,79.75,80.94,3333199
10/17/18 16:00,80.82,81.07,80.19,80.77,2670587
10/18/18 16:00,81.49,81.74,80.91,81.26,4274176
10/19/18 16:00,81.25,83.42,81.23,82.75,4395784
10/22/18 16:00,83.02,83.21,82.33,82.64,4275831
10/23/18 16:00,82.97,84.03,82.21,82.3,4882758
10/24/18 16:00,82.64,85.08,82.28,84.75,4890240
10/25/18 16:00,84.5,84.55,83.41,83.64,6787892
10/26/18 16:00,84.02,84.64,81.42,81.89,5326881
10/29/18 16:00,82.09,83.62,81.88,83.46,4157916
10/30/18 16:00,83.8,84.23,82.63,83.83,2995980
10/31/18 16:00,83.22,83.35,82.04,82.63,4083966
11/1/18 16:00,82.57,82.63,80.96,81.66,6994303
11/2/18 16:00,83.41,83.83,80.89,82.59,7038409
11/5/18 16:00,83.08,83.84,82.68,83.58,3057650
11/6/18 16:00,83.66,84.45,83.44,84.33,2642964
11/7/18 16:00,84.75,84.78,83.59,84.7,2981604
11/8/18 16:00,84.74,85.02,83.33,84.33,3002587
11/9/18 16:00,84.5,85.77,84.25,85.58,4432464
11/12/18 16:00,85.25,86.96,85.2,85.92,3250925
11/13/18 16:00,85.9,86.62,85.3,86.35,2833210
11/14/18 16:00,85.9,86.95,85.65,86.42,3860610
11/15/18 16:00,84.84,86.29,84.04,86.14,4481089
11/16/18 16:00,86.44,87.1,85.89,86.68,3351154
11/19/18 16:00,86.58,87.71,86.5,87.64,4114444
11/20/18 16:00,88.07,89.23,87.8,88.52,6879374
11/21/18 16:00,88.05,88.18,86.12,86.45,3640317
11/23/18 13:00,86.62,86.99,86.2,86.75,1448268
11/26/18 16:00,86.7,87.3,86.26,86.98,2169058
11/27/18 16:00,87.02,88,86.53,87.83,2383434
11/28/18 16:00,87.7,87.88,86.91,87.6,2950179
11/29/18 16:00,87.61,88.06,86.65,87.6,2940055
11/30/18 16:00,87.79,88.73,87.21,88.57,4829304
12/3/18 16:00,88,89.63,87.2,89.62,3904994
12/4/18 16:00,89.76,90.7,89.63,90.05,5598082
12/6/18 16:00,90.5,90.64,88.36,89.83,4758272
12/7/18 16:00,89.95,90.55,89.22,89.99,4985103
12/10/18 16:00,90.16,90.66,88.8,90.51,3904037
12/11/18 16:00,90.5,90.98,89.74,90.79,4706975
12/12/18 16:00,90.79,91.25,89.52,89.6,5225890
12/13/18 16:00,89.78,91.25,89.78,90.9,4180894
12/14/18 16:00,91,91.35,90.18,90.75,3651850
12/17/18 16:00,91,91.3,87.64,88.09,5527266
12/18/18 16:00,88.43,89.23,87.24,87.66,4224114
12/19/18 16:00,87.85,88.32,86.73,87.23,4832969
12/20/18 16:00,87.4,89.11,86.37,88.14,4622483
12/21/18 16:00,87.86,90.25,87.51,87.67,6798596
12/24/18 13:00,87.66,88.39,83.26,83.91,2752749
12/26/18 16:00,84,85.27,82.77,85.25,2617137
12/27/18 16:00,85.39,85.96,83.93,85.96,3081736
12/28/18 16:00,86.12,87.18,85.77,86.12,2447456
12/31/18 16:00,86.34,86.6,85.31,86.3,2240091
1/2/19 16:00,86.11,86.19,84.3,84.7,2857480
1/3/19 16:00,84.76,85.6,84.06,84.67,2959683
1/4/19 16:00,84.16,85.45,84.06,85.37,3278116
1/7/19 16:00,84.85,85.39,84.33,85.01,3060242
1/8/19 16:00,85.04,86.17,84.5,86.08,2350510
1/9/19 16:00,84.96,86,84.34,84.81,3264476
1/10/19 16:00,85.05,85.59,84.63,85.27,3758033
1/11/19 16:00,85.21,85.21,84.21,84.61,3082447
1/14/19 16:00,84.32,84.32,82.46,83.66,3930963
1/15/19 16:00,83.6,85.46,83.33,85.14,2722876
1/16/19 16:00,84.72,85.38,84.34,85.27,2279097
1/17/19 16:00,85.29,85.77,84.92,85.64,1895683
1/18/19 16:00,85.94,86.02,85.21,85.6,2842639
1/22/19 16:00,85.01,86.51,84.85,85.61,2693577
1/23/19 16:00,85.49,86.15,85.29,86.13,2629442
1/24/19 16:00,86.23,86.77,85.36,86.7,2504350
1/25/19 16:00,86.34,86.99,85.63,85.85,2472892
1/28/19 16:00,86.02,86.29,85.13,85.65,2079081
1/29/19 16:00,85.95,86.16,85.28,85.63,3625533
1/30/19 16:00,85.36,86.54,85.26,86.05,2215070
1/31/19 16:00,86.09,88.48,85.52,87.78,6869448
2/1/19 16:00,87.78,88.05,86.86,87.78,3207075
2/4/19 16:00,87.16,87.83,86.48,87.82,3301768
2/5/19 16:00,87.91,88.65,87.41,88.5,3464321
2/6/19 16:00,88.45,88.79,87.81,88.46,2467411
2/7/19 16:00,88.4,89.5,87.85,89.48,2844600
2/8/19 16:00,89.42,90.58,89.3,90.3,3716659
2/11/19 16:00,90.08,90.65,89.7,90.17,2428300
2/12/19 16:00,90.3,90.74,89.65,90.23,2676911
2/13/19 16:00,89.9,90.21,89.32,89.59,5281420
2/14/19 16:00,88.53,88.61,87.25,87.82,3987400
2/15/19 16:00,88.45,88.49,87.02,87.51,4472941
2/19/19 16:00,87.64,88.14,87.24,87.94,4358636
2/20/19 16:00,87.95,89.06,87.54,88.85,3471191
2/21/19 16:00,88.32,89.66,88.27,89.59,3167770
2/22/19 16:00,89.7,90.29,89.36,89.91,2538531
2/25/19 16:00,89.91,89.95,88.92,89.48,2550955
2/26/19 16:00,89.63,89.89,88.19,88.88,3234514
2/27/19 16:00,88.73,89.43,88.47,89.28,2112484
2/28/19 16:00,89.21,89.99,89,89.66,4137332
3/1/19 16:00,89.6,89.91,88.93,89.53,5613679
3/4/19 16:00,89.82,89.95,88.98,89.88,3104364
3/5/19 16:00,89.66,89.94,89.43,89.53,3513387
3/6/19 16:00,89.65,89.96,89.36,89.57,3121488
3/7/19 16:00,89.96,90.65,89.29,89.58,3531027
3/8/19 16:00,89.91,90.23,89.3,90.2,2443761
3/11/19 16:00,90.26,90.47,89.88,90.36,3720215
3/12/19 16:00,90.47,90.87,90.11,90.51,4583664
3/13/19 16:00,90.39,90.79,90.32,90.56,4510528
3/14/19 16:00,90.47,91.08,90.12,90.36,3600341
3/15/19 16:00,90.45,91.03,90.24,90.65,7614205
3/18/19 16:00,90.86,90.91,89.73,90.06,3977001
3/19/19 16:00,90.08,90.23,88.66,89.12,4656613
3/20/19 16:00,89.34,90.16,89,89.38,3838761
3/21/19 16:00,89.4,90.24,89.21,89.91,4461104
3/22/19 16:00,90.16,91.67,89.91,90.7,4174371
3/25/19 16:00,90.9,91.13,90.45,90.77,3350866
3/26/19 16:00,90.7,91.67,90.63,91.53,3342120
3/27/19 16:00,91.59,91.63,90.23,90.48,3592183
3/28/19 16:00,90.68,90.9,89.02,89.38,4565824
3/29/19 16:00,89.23,90.09,88.81,90,5434760
4/1/19 16:00,89.75,89.83,88.63,89.28,4555513
4/2/19 16:00,89.6,89.6,88.65,89.13,3386469
4/3/19 16:00,89,89.19,88.22,88.85,2998772
4/4/19 16:00,89.03,89.53,87.93,89.35,4847623
4/5/19 16:00,89.49,90.62,89.18,90.53,5433161
4/8/19 16:00,90.5,90.62,89.65,90.11,3115465
4/9/19 16:00,90.06,90.48,89.82,90.25,2475354
4/10/19 16:00,90.49,91.08,89.7,89.94,3412266
4/11/19 16:00,90.04,90.46,89.8,90.26,2424478
4/12/19 16:00,89.7,90.47,89.21,90.45,3520906
4/15/19 16:00,90.5,90.74,90.16,90.44,2808906
4/16/19 16:00,90.14,90.65,88.86,89.09,3166397
4/17/19 16:00,89.13,89.72,88.71,89.06,4518238
4/18/19 16:00,89.32,89.65,88.94,89.14,2822523
4/22/19 16:00,89.01,89.56,88.53,88.73,2615992
4/23/19 16:00,88.82,89.31,88.29,89.01,2336890
4/24/19 16:00,89.28,89.98,88.88,89.68,1942368
4/25/19 16:00,89.42,90.66,89.27,90.45,2506592
4/26/19 16:00,90.7,91.33,90.28,90.32,1921437
4/29/19 16:00,89.91,90.29,89.32,89.58,2370795
4/30/19 16:00,89.69,91.22,89.43,91.12,3242730
5/1/19 16:00,90.68,91.06,90.1,90.41,2323382
5/2/19 16:00,90.44,90.81,89.62,89.81,2656618
5/3/19 16:00,90.17,90.45,89.82,90.16,2988584
5/6/19 16:00,90.18,90.42,89.3,89.48,2659587
5/7/19 16:00,89.5,89.64,88.83,89.26,2546204
5/8/19 16:00,89.15,89.3,87.72,87.8,2832432
5/9/19 16:00,88.68,88.68,86.67,86.83,3165001
5/10/19 16:00,86.62,88.07,86.45,87.99,2965565
5/13/19 16:00,87.7,88.16,86.8,88.05,4046756
5/14/19 16:00,87.32,87.62,86.56,87.01,4955484
5/15/19 16:00,87.21,87.56,86.77,86.79,3653196
5/16/19 16:00,85.92,86.71,85.72,86.24,4151934
5/17/19 16:00,85.7,87.44,85.68,87.2,4428338
5/20/19 16:00,87.31,87.6,86.66,86.96,3100226
5/21/19 16:00,87.19,88.03,86.87,87.08,2728370
5/22/19 16:00,87.38,88,87.15,87.81,2226006
5/23/19 16:00,88.12,88.99,87.94,88.9,3861977
5/24/19 16:00,88.9,89.45,88.65,88.81,1987721
5/28/19 16:00,88.81,88.85,86.93,87.12,3837696
5/29/19 16:00,87.4,87.58,85.73,85.81,2319033
5/30/19 16:00,85.89,86.28,85.34,85.53,2319403
5/31/19 16:00,85.55,86.09,84.46,85.61,3182478
6/3/19 16:00,86.04,86.14,85.26,86.02,3061835
6/4/19 16:00,85.98,86.16,84.28,85.9,2498799
6/5/19 16:00,86.16,87.67,85.51,87.22,2819465
6/6/19 16:00,87.32,88,86.96,87.71,2985539
6/7/19 16:00,87.96,88.6,86.95,87.04,3243290
6/10/19 16:00,86.93,86.97,86.05,86.29,3028366
6/11/19 16:00,86.04,86.49,85.07,85.64,2841341
6/12/19 16:00,86.12,86.87,86.12,86.65,2893809
6/13/19 16:00,86.95,87.44,86.32,86.77,3753224
6/14/19 16:00,86.78,88.17,86.75,87.87,3237646
6/17/19 16:00,88.08,88.59,87.52,87.95,2448644
6/18/19 16:00,88.36,88.5,86.32,87.24,2532637
6/19/19 16:00,86.9,88.12,86.68,87.65,2683249
6/20/19 16:00,88.14,88.84,87.68,88.58,2428285
6/21/19 16:00,88.64,89.6,87.97,89.53,6867466
6/24/19 16:00,89.62,90.13,89.22,89.91,3305665
6/25/19 16:00,89.91,90.68,89.78,90.12,3996825
6/26/19 16:00,89.84,89.94,87.93,87.98,3436979
6/27/19 16:00,88.07,88.72,87.77,88.55,2726733
6/28/19 16:00,88.49,89.14,87.94,88.24,3875664
7/1/19 16:00,88.01,88.24,87.24,88.01,2849889
7/2/19 16:00,88.17,89.45,88.16,89.14,2038970
7/3/19 13:00,89.2,90.6,89.2,90.1,1717593
7/5/19 16:00,89.42,89.77,88.21,89.68,1743963
7/8/19 16:00,89.9,90.06,89.06,89.66,2046868
7/9/19 16:00,90.25,90.27,88.87,89.4,2597959
7/10/19 16:00,89.8,90.14,89.3,89.63,2401694
7/11/19 16:00,89.49,90.03,88.61,89.45,2379217
7/12/19 16:00,89.59,89.59,88.44,88.7,2101451
7/15/19 16:00,88.81,89.53,88.55,89.38,1847675
7/16/19 16:00,89.11,89.53,88.37,89.03,1727131
7/17/19 16:00,89.34,89.69,88.89,89.14,2103141
7/18/19 16:00,89.21,89.85,88.66,89.79,1911674
7/19/19 16:00,89.64,89.82,88.43,88.45,2408433
7/22/19 16:00,88.6,88.69,87.84,88.15,2160466
7/23/19 16:00,88.18,88.24,87.37,87.68,3141837
7/24/19 16:00,87.95,87.98,86.8,87.18,2386500
7/25/19 16:00,86.9,87.39,86.17,86.49,2680408
7/26/19 16:00,86.5,87.08,86.27,86.91,2425972
7/29/19 16:00,87.23,87.88,87.02,87.79,2442853
7/30/19 16:00,87.61,88.18,86.91,87.74,2696559
7/31/19 16:00,87.62,87.83,86.31,86.72,2824804
8/1/19 16:00,86.8,88.02,86.38,87.5,3055025
8/2/19 16:00,87.84,88.73,87.55,88.12,3228908
8/5/19 16:00,88.48,88.85,86.53,86.96,3969244
8/6/19 16:00,87.3,89.43,86.31,88.92,3943320
8/7/19 16:00,88.91,89.5,87.84,88.84,2630061
8/8/19 16:00,88.42,89.52,88.34,89.31,2252100
8/9/19 16:00,89.49,90.18,89.28,89.75,2355192
8/12/19 16:00,89.95,90,88.97,89.5,2301991
8/13/19 16:00,89.64,90.03,88.8,89.82,2408661
8/14/19 16:00,90.16,90.56,88.65,88.81,3584581
8/15/19 16:00,87.69,89.58,87.57,89.28,2384790
8/16/19 16:00,89.4,90.14,89.23,89.77,2285485
8/19/19 16:00,89.7,91.12,89.36,90.67,2632449
8/20/19 16:00,91.03,91.54,90.67,91.18,3611263
8/21/19 16:00,90.47,91.29,90.09,91.24,2754409
8/22/19 16:00,91.29,92.11,90.5,91.32,1945546
8/23/19 16:00,91.45,91.67,90.26,90.74,3153865
8/26/19 16:00,90.93,91.39,90.57,91.35,2037100
8/27/19 16:00,91.77,92.84,91.66,92.15,3668124
8/28/19 16:00,92.41,93.15,91.9,92.3,2639172
8/29/19 16:00,92.76,92.8,91.53,92.76,2231369
8/30/19 16:00,93,93.35,92.61,92.74,2157900
9/3/19 16:00,92.5,93.72,92.33,93.67,2620222
9/4/19 16:00,93.9,94.18,93.23,93.97,2102616
9/5/19 16:00,93.5,93.85,92.81,93.41,2721534
9/6/19 16:00,93.63,94.29,93.37,93.76,2578043
9/9/19 16:00,93.56,93.84,93.08,93.72,2935056
9/10/19 16:00,93.26,94.54,93.24,93.94,3179556
9/11/19 16:00,93.55,94.54,93.25,94.49,2756528
9/12/19 16:00,95.16,95.7,94.67,94.96,2339393
9/13/19 16:00,94.49,95,93.66,93.9,3322228
9/16/19 16:00,93.83,93.98,92.74,93.12,2934608
9/17/19 16:00,93.33,94.2,93.16,93.87,2636717
9/18/19 16:00,94.29,94.68,93.52,94.26,3067709
9/19/19 16:00,94.55,94.56,93.76,94.49,2054883
9/20/19 16:00,95.21,95.44,94.24,95.27,5117756
9/23/19 16:00,95.29,95.72,95.08,95.4,2340575
9/24/19 16:00,95.66,96.8,95.55,96.28,3190626
9/25/19 16:00,96.18,96.63,95.74,96,2488301
9/26/19 16:00,96.01,96.61,95.88,96.2,1990795
9/27/19 16:00,96.29,96.46,95.67,96.26,1960696
9/30/19 16:00,96.25,96.49,95.59,95.86,2561245
10/1/19 16:00,95.57,96.2,95.25,96.19,2010423
10/2/19 16:00,96.21,96.35,94.61,94.71,3049883
10/3/19 16:00,95,95.61,94.76,95.1,3651548
10/4/19 16:00,95.46,97.37,95.31,97.17,3151795
10/7/19 16:00,96.75,97.25,96.4,96.92,2466893
10/8/19 16:00,96.96,97.06,95.99,96.09,2570701
10/9/19 16:00,96.28,96.56,95.97,96.03,2636137
10/10/19 16:00,95.87,96.46,95.51,96.29,2384631
10/11/19 16:00,96.29,96.6,95.45,95.97,2323456
10/14/19 16:00,96.16,96.16,94.84,95.13,2494323
10/15/19 16:00,95.14,95.47,94.66,95,1951149
10/16/19 16:00,94.73,95.15,94.41,95.13,2618800
10/17/19 16:00,95.11,95.61,94.94,95.17,2500538
10/18/19 16:00,94.95,95.59,94.5,95.35,3041858
10/21/19 16:00,95.16,95.4,94.66,95.33,1589009
10/22/19 16:00,95.5,95.61,95.08,95.32,1818205
10/23/19 16:00,95.53,96.18,95.27,96.17,2218576
10/24/19 16:00,96.05,96.5,95.96,96.07,1768732
10/25/19 16:00,96.27,96.36,94.99,95.43,1818076
10/28/19 16:00,95.03,95.25,93.88,94.1,2761627
10/29/19 16:00,93.79,93.94,93.33,93.53,2675067
10/30/19 16:00,93.65,94.37,93.43,94.01,1831272
10/31/19 16:00,93.9,94.44,93.58,94.26,2454054
11/1/19 16:00,94.3,94.55,93.78,94.38,2647198
11/4/19 16:00,94.34,94.42,93.06,93.64,3105871
11/5/19 16:00,93.04,93.58,92.4,93.15,2626831
11/6/19 16:00,93.2,93.69,93.05,93.36,2186910
11/7/19 16:00,93,93.3,91.75,92.58,4125230
11/8/19 16:00,91.7,91.78,89.22,89.95,6147135
11/11/19 16:00,89.98,90,87.47,87.6,4871777
11/12/19 16:00,87.8,88.11,87.23,87.59,3843004
11/13/19 16:00,88,88.69,87.31,88.53,5468115
11/14/19 16:00,87.7,88.82,87.52,88.25,3905728
11/15/19 16:00,88.64,88.72,88.09,88.58,3567098
11/18/19 16:00,88.9,89.72,88.42,88.65,4277497
11/19/19 16:00,87.04,87.46,86.52,87.03,16085084
11/20/19 16:00,86.98,87.61,86.52,87.13,6414891
11/21/19 16:00,87.54,87.56,86.43,86.66,7570913
11/22/19 16:00,87.25,87.34,86.36,87.14,5763105
11/25/19 16:00,87.2,87.67,86.73,87.6,6254309
11/26/19 16:00,87.48,88.42,87.45,88.2,6570888
11/27/19 16:00,88.13,88.78,88.02,88.56,3229567
11/29/19 13:00,88.8,88.93,87.83,88.17,1325593
12/2/19 16:00,87.87,88.17,87.25,87.29,4202117
12/3/19 16:00,87.5,87.94,87.15,87.86,4559620
12/4/19 16:00,87.85,89.12,87.85,88.95,3503612
12/5/19 16:00,88.86,89.34,88.6,89.29,3055420
12/6/19 16:00,89.21,89.94,89.01,89.76,2964685
12/9/19 16:00,89.83,89.86,89.2,89.28,3849374
12/10/19 16:00,89.25,89.45,88.83,89.05,3208908
12/11/19 16:00,89.18,89.36,88.67,89,4994439
12/12/19 16:00,88.98,89.79,88.9,89.56,5842944
12/13/19 16:00,89.32,90.43,89.17,90.1,5092803
12/16/19 16:00,90.75,90.79,89.45,90.49,4597529
12/17/19 16:00,90.4,91.5,90.12,90.55,2969480
12/18/19 16:00,90.7,90.9,90.26,90.61,4003040
12/19/19 16:00,90.53,90.75,89.4,89.95,4867356
12/20/19 16:00,90.22,90.91,89.75,90.62,6715322
12/23/19 16:00,90.62,90.88,89.61,90.15,5060680
12/24/19 13:00,90.11,90.51,89.73,90.23,804538
12/26/19 16:00,90,90.53,89.95,90.39,2313980
12/27/19 16:00,90.46,90.99,90.22,90.97,2596177
12/30/19 16:00,90.6,91.04,90.46,90.79,2237675
12/31/19 16:00,90.89,91.24,90.62,91.21,2540809
1/2/20 16:00,91.28,91.78,90.03,90.34,3809879
1/3/20 16:00,90.23,91.07,90.15,90.4,2825431
1/6/20 16:00,90.4,91.04,90.3,90.84,2410279
1/7/20 16:00,90.89,90.89,89.84,90.27,3983865
1/8/20 16:00,90.46,90.87,89.96,90.4,2583273
1/9/20 16:00,90.28,90.78,90.08,90.62,2377171
1/10/20 16:00,90.88,91.23,90.37,90.44,3224998
1/13/20 16:00,90.5,91.55,90.5,91.24,2979024
1/14/20 16:00,91.16,91.44,90.5,91.3,3009768
1/15/20 16:00,91.54,92.58,91.36,92.49,2357284
1/16/20 16:00,92.77,93.42,92.67,93.18,3244169
1/17/20 16:00,93.14,93.92,92.98,93.72,3053495
1/21/20 16:00,94,94.86,93.54,94.79,3429161
1/22/20 16:00,95,95.6,94.87,95.31,3638746
1/23/20 16:00,95.28,96.16,95.22,96.08,3824880
1/24/20 16:00,95.93,96.61,95.81,96.28,2218964
1/27/20 16:00,96.13,96.66,95.72,96.1,2481109
1/28/20 16:00,96.3,97.09,96.03,96.21,3696496
1/29/20 16:00,96.35,97.09,96.16,96.75,2335700
1/30/20 16:00,96.52,97.55,96.41,97.47,3273072
1/31/20 16:00,97.37,98.05,96.97,97.63,3175413
2/3/20 16:00,97.63,97.88,97.31,97.67,2666218
2/4/20 16:00,97.55,98.02,96.55,96.6,2802629
2/5/20 16:00,96.42,97.36,96.3,97.14,2319341
2/6/20 16:00,97.01,97.39,96.81,96.93,1611050
2/7/20 16:00,97.25,97.29,96.19,96.27,2747887
2/10/20 16:00,96.36,96.41,95.71,96.23,2647857
2/11/20 16:00,96.37,97.24,96.29,96.99,2993130
2/12/20 16:00,96.98,98.24,96.93,97.92,4377693
2/13/20 16:00,97.81,100.39,97.56,100.11,5132660
2/14/20 16:00,100.16,101.77,100.09,101.28,6300443
2/18/20 16:00,101.65,102.44,101.53,102.02,6257305
2/19/20 16:00,102.22,102.38,101.37,101.42,2809143
2/20/20 16:00,101.17,101.84,101.01,101.43,2711040
2/21/20 16:00,101.33,102.99,101.3,102.43,3520070
2/24/20 16:00,102.08,103.79,101.72,102.3,5282981
2/25/20 16:00,102.51,102.68,99.02,99.27,4093033
2/26/20 16:00,99.29,100.49,98.82,98.94,3152236
2/27/20 16:00,98.09,99.3,94.96,94.99,4783987
2/28/20 16:00,93.3,93.3,89.39,91.7,7910895
3/2/20 16:00,91.65,96.94,91.54,96.67,6803553
3/3/20 16:00,96.56,98.71,94.81,95.61,5060544
3/4/20 16:00,96.69,101.69,96.59,101.65,4284615
3/5/20 16:00,100.37,101.49,99,100.13,4327616
3/6/20 16:00,97.45,99.5,95.58,99.05,5522577
3/9/20 16:00,94.5,96.7,92.85,94.58,5616178
3/10/20 16:00,95.64,96.62,91.41,95.05,6386812
3/11/20 16:00,92.89,93.17,89.79,90.94,6268792
3/12/20 16:00,85.51,86.36,76,80.48,7684428
3/13/20 16:00,85.01,85.86,80,85.77,6156358
3/16/20 16:00,79.3,84.65,76,76.58,7118877
3/17/20 16:00,78.58,86.55,78.15,86,6712831
3/18/20 16:00,81.01,82.98,77.17,79.28,6426485
3/19/20 16:00,79.12,79.17,74,75.05,6361730
3/20/20 16:00,75.85,76,68.1,68.4,8975727
3/23/20 16:00,66.39,67.93,62.13,64.15,7060079
3/24/20 16:00,67.01,71.91,66.13,71.5,6516877
3/25/20 16:00,71.19,78.55,70.19,74.71,6573717
3/26/20 16:00,71.19,78.55,70.19,74.71,1154
3/27/20 16:00,78.03,83.69,77.95,80.19,5091493
3/30/20 16:00,81.35,83.94,80.57,83.46,5301003
3/31/20 16:00,82.37,83.96,80.51,80.88,5119878
4/1/20 16:00,77.92,79.75,76.36,77.57,4600766
4/2/20 16:00,76.43,79.96,76.24,79.39,3665871
4/3/20 16:00,78.33,79.34,75.58,76.02,2907159
4/6/20 16:00,78.62,81.98,78.41,81.25,3960149
4/7/20 16:00,83.5,83.69,80,80.11,3522941
4/8/20 16:00,80.5,86.58,80.03,85.5,6729729
4/9/20 16:00,86.5,93,86.32,90.31,6538917
4/13/20 16:00,89.59,90.03,86.43,87.36,3800460
4/14/20 16:00,89.34,90.88,88.21,90.42,3812903
4/15/20 16:00,88.5,89.45,87.1,87.54,3694381
4/16/20 16:00,88,88.59,87.03,87.59,2335115
4/17/20 16:00,89.32,90.59,87.57,90.1,4299100
4/20/20 16:00,89.06,89.48,86.58,86.65,3144083
4/21/20 16:00,85.24,86.45,84.38,85.44,3682899
4/22/20 16:00,86.75,88.4,86.48,87.15,3089909
4/23/20 16:00,87.48,88.18,84.9,85.12,3298061
4/24/20 16:00,85.47,86.17,83.7,85.69,3723902
4/27/20 16:00,86.28,87.68,86.17,86.75,2593088
4/28/20 16:00,88.12,89.14,87.33,87.63,3135495
4/29/20 16:00,88.54,88.75,86.45,86.63,2997602
4/30/20 16:00,86,86.41,84.18,84.66,3536809
5/1/20 16:00,83.86,83.95,82.09,82.64,3036874
5/4/20 16:00,82.73,82.95,81.28,82.63,2947483
5/5/20 16:00,82.83,83.89,82.81,83.14,2781019
5/6/20 16:00,83.18,83.37,80.04,80.07,3581947
5/7/20 16:00,80.89,81.45,80.04,80.31,3431738
5/8/20 16:00,81.49,82.07,80.5,81.78,2875207
5/11/20 16:00,81.45,82.27,80.33,81.66,3924228
5/12/20 16:00,82.49,83.66,81.88,81.88,3524704
5/13/20 16:00,81.55,82.1,80.62,81.89,3998277
5/14/20 16:00,80,82.39,79.72,82.3,3649564
5/15/20 16:00,81.48,81.79,80.17,81.19,5250725
5/18/20 16:00,82.69,85.44,82.58,84.92,6747855
5/19/20 16:00,84.38,84.38,83.25,83.29,3020887
5/20/20 16:00,84.38,84.38,83.25,83.29,3349
5/21/20 16:00,83.06,83.77,82.01,82.34,3107997
5/22/20 16:00,82.19,83.32,81.89,83.23,2760571
5/26/20 16:00,84.46,84.67,82.69,82.81,3910328
5/27/20 16:00,84.12,84.2,82.69,83.72,3606650
5/28/20 16:00,84.85,86.1,84.68,85.83,3957640
5/29/20 16:00,85.54,86.37,84.67,85.63,4018487
6/1/20 16:00,85.84,87.58,85.23,87.44,2438896
6/2/20 16:00,87.82,88.1,86.6,87.67,3446830
6/3/20 16:00,88.33,89.65,88,89.23,2449587
6/4/20 16:00,88.8,89.38,87.48,88.44,3640896
6/5/20 16:00,89.4,91.56,89.15,89.49,3353385
6/8/20 16:00,89.46,92.2,89.11,91.91,2771038
6/9/20 16:00,91,91.07,88.93,90.32,3023664
6/10/20 16:00,90.41,90.95,89.5,90.19,2721368
6/11/20 16:00,88.8,89.05,86.34,87.08,4974269
6/12/20 16:00,88.93,88.99,85.73,86.74,3935784
6/15/20 16:00,85.04,87.42,84.3,86.96,4501225
6/16/20 16:00,89,89.48,86.41,86.95,3865236
6/17/20 16:00,87,87.36,85.48,86.21,4181840
6/18/20 16:00,85.66,86.38,85,85.77,3480071
6/19/20 16:00,86.74,86.93,82.11,82.11,8075757
6/22/20 16:00,82.32,83.55,81.31,82.53,3878885
6/23/20 16:00,83.24,83.5,81.49,81.85,3771624
6/24/20 16:00,81.08,81.34,79.82,80.47,3676150
6/25/20 16:00,80.11,80.23,78.79,79.45,5224937
6/26/20 16:00,79.35,79.92,77.58,78.93,5321454
6/29/20 16:00,79.57,80.25,78.52,80.25,2954003
6/30/20 16:00,80.09,80.48,78.93,79.89,4890020
7/1/20 16:00,79.97,82.38,79.76,81.93,2835913
7/2/20 16:00,82.64,82.92,81.44,81.84,2819677
7/6/20 16:00,80.5,81.86,79.12,79.81,5997782
7/7/20 16:00,79.2,81.18,79.15,80.82,4129946
7/8/20 16:00,80.86,81.95,80.33,81.44,3433141
7/9/20 16:00,81.33,81.33,79.11,79.74,3457440
7/10/20 16:00,79.79,81.58,79.76,81.32,2545669
7/13/20 16:00,81.15,81.97,80.96,81.42,2205139
7/14/20 16:00,81.42,82.47,81.39,81.69,4218174
7/15/20 16:00,82.48,82.64,80.32,80.43,4501709
7/16/20 16:00,80.7,81.34,80.43,81.07,2874410
7/17/20 16:00,81.69,82.63,81.46,82.4,4603142
7/20/20 16:00,82.05,82.23,80.95,81.1,3271569
7/21/20 16:00,81.5,82.79,81.1,82.33,3892865
7/22/20 16:00,82,84.51,81.52,84.15,3763312
7/23/20 16:00,84.06,84.39,83.48,83.99,2373087
7/24/20 16:00,84.35,84.9,82.62,82.79,2953131
7/27/20 16:00,82.5,82.64,81.09,81.29,4199019
7/28/20 16:00,84.72,84.86,94.5,83.51,2947067
7/29/20 16:00,84.53,85.05,83.84,84.97,2501754
7/30/20 16:00,84.31,84.58,83.49,84.57,2828635
7/31/20 16:00,84.05,84.81,83.6,84.74,3292473
8/3/20 16:00,84.67,84.75,83.11,83.81,2552180
8/4/20 16:00,83.5,84.97,83.34,84.69,3234460
8/5/20 16:00,84.72,84.86,83.28,83.51,2947067
8/6/20 16:00,83.27,84.39,82.67,84.21,3036406
8/7/20 16:00,83.79,86.69,83.68,86.61,4289517
8/10/20 16:00,87.19,87.21,84.53,84.76,4323253
8/11/20 16:00,84.99,85.09,83.47,83.67,4546247
8/12/20 16:00,84.02,84.78,83.83,84.32,3397739
8/13/20 16:00,83.03,83.23,82,82.74,3219152
8/14/20 16:00,82.66,82.9,81.93,82.15,2016173
8/17/20 16:00,82.29,83.11,81.66,82.6,3849505
8/18/20 16:00,82.57,82.77,81.5,81.66,2607237
8/19/20 16:00,81.88,82.19,81.46,81.66,2623147
8/20/20 16:00,81.26,81.61,80.56,81.04,2715265
8/21/20 16:00,81.2,81.33,80.28,81,3911087
8/24/20 16:00,81.38,81.66,80.5,81.47,2679398
8/25/20 16:00,81.5,81.5,80.43,80.85,2769330
8/26/20 16:00,80.42,80.62,79.31,79.55,3367934
8/27/20 16:00,79.68,80.37,79.22,79.55,2932800
8/28/20 16:00,79.92,79.99,78.95,79.71,3190794
8/31/20 16:00,79.7,81.53,79.61,80.34,3569267
9/1/20 16:00,79.84,80.18,78.97,79.21,3194648
9/2/20 16:00,79.24,81.9,78.98,81.47,3626200
9/3/20 16:00,81.82,82.7,80.34,81.14,3135123
9/4/20 16:00,81.22,81.82,79.93,80.97,2820296
9/8/20 16:00,81.06,81.24,79.38,80.73,3252171
9/9/20 16:00,82.42,83.89,81.85,82.59,4411126
9/10/20 16:00,82.22,82.73,81.41,82,3591244
9/11/20 16:00,82.07,83.41,81.75,83.03,3196940
9/14/20 16:00,83.58,84.94,83.58,84.38,3438204
9/15/20 16:00,84.94,85.87,83.93,84.45,2582508
9/16/20 16:00,85,85.48,84.57,84.84,2910381
9/17/20 16:00,84.25,84.78,83.64,84.6,3355958
9/18/20 16:00,84.2,84.74,82.9,82.95,5035855
9/21/20 16:00,82.05,82.57,81.17,82.57,3002015
9/22/20 16:00,82.41,84.01,82.26,82.69,2703948
9/23/20 16:00,82.9,83.13,81.23,81.28,2322858
9/24/20 16:00,81.23,82.41,80.41,81.67,2582328
9/25/20 16:00,81.28,82.59,80.95,82.47,3854684
9/28/20 16:00,82.97,84.08,82.66,82.87,2424590
9/29/20 16:00,83.07,83.4,82.04,82.41,2174775
9/30/20 16:00,88,89.49,86.43,88.56,18804934
10/1/20 16:00,88.03,90.36,87.6,90.05,6249705
10/2/20 16:00,89.22,92.15,88.69,91.58,5925175
10/5/20 16:00,90.98,92.15,89.9,91.74,3038568
10/6/20 16:00,91.72,92.07,90.46,90.77,2993887
10/7/20 16:00,91.61,92.13,90.7,91.3,2480065
10/8/20 16:00,91.49,93.43,90.9,93.15,3253274
10/9/20 16:00,93.14,93.92,92.04,93.3,3686838
10/12/20 16:00,93.19,93.85,92.59,93.11,3131627
10/13/20 16:00,92.64,93.26,91.3,92.92,2544541
10/14/20 16:00,92.84,93.5,92.01,92.67,2420656
10/15/20 16:00,91.07,92.82,90.75,91.96,2170565
10/16/20 16:00,92.18,93.06,91.73,92.37,2811176
10/19/20 16:00,92.12,92.87,91.75,92.07,2284024
10/20/20 16:00,92.11,92.8,91.8,92.06,2243301
10/21/20 16:00,91.96,92.98,91.56,92.51,2233330
10/22/20 16:00,92.59,93.91,92.06,93.89,4162213
10/23/20 16:00,94,94.37,90.97,92.78,4532172
10/26/20 16:00,91.94,93.5,91.47,93.18,2711792
10/27/20 16:00,93.32,93.94,92.62,93.06,2275940
10/28/20 16:00,91.79,93.09,90.83,90.98,3658916
10/29/20 16:00,90.72,93.19,89.62,92.24,3424927
10/30/20 16:00,91.66,93,91.23,92.11,3304844
11/2/20 16:00,92.93,94.2,92.25,93.82,2929865
11/3/20 16:00,94.86,96.56,94.43,95.52,3512406
11/4/20 16:00,95.07,96.73,93.55,93.55,2883721
11/5/20 16:00,94.82,96.96,93.97,94.22,2531931
11/6/20 16:00,94.5,95.53,93.34,93.44,2380519
11/9/20 16:00,96.81,98.88,95.11,95.4,4148188
11/10/20 16:00,95.72,97.27,94.3,97.14,3146097
11/11/20 16:00,97.68,98.66,97.04,97.31,2704469
11/12/20 16:00,95.5,95.91,93.6,94.25,3119041
11/13/20 16:00,94.71,95.36,94.6,94.98,1887359
11/16/20 16:00,96.05,96.05,94.47,95.01,2843021
11/17/20 16:00,94.3,95,92.83,92.92,3178659
11/18/20 16:00,93.59,93.96,91.46,91.53,2949150
11/19/20 16:00,91.34,91.76,90.01,91.7,3368591
11/20/20 16:00,91.7,92.68,91.38,92.58,4213890
11/23/20 16:00,92.52,93.43,92.01,93.33,3796750
11/24/20 16:00,94.47,96.33,93.9,96.26,4351042
11/25/20 16:00,95.95,96.24,94.84,96.15,1959358
11/27/20 13:00,96.15,96.15,94.1,94.6,1293833
11/30/20 16:00,94.13,94.25,91.94,92.66,5012313
12/1/20 16:00,93.56,94.64,93.17,93.26,2947309
12/2/20 16:00,93.1,93.91,91.91,93.87,2173993
12/3/20 16:00,93.48,93.7,92.1,92.35,2286092
12/4/20 16:00,92.2,92.67,90.14,91.15,3172235
12/7/20 16:00,90.7,92.31,90.55,91.87,2030685
12/8/20 16:00,91.33,92.02,90.4,91.51,2409347
12/9/20 16:00,91.49,91.74,90.29,91.39,2998225
12/10/20 16:00,91.69,92.07,90.83,91.76,3628684
12/11/20 16:00,91.25,91.89,90.9,91.54,3225125
12/14/20 16:00,92.38,94.08,91.1,91.13,3684225
12/15/20 16:00,91.26,92.84,90.9,92.11,4059585
12/16/20 16:00,92.39,92.98,90.6,90.61,4057859
12/17/20 16:00,91.31,91.83,91,91.52,4309925
12/18/20 16:00,91.45,91.6,90.24,90.32,7342963
12/21/20 16:00,89.81,90,88.18,89.1,4682259
12/22/20 16:00,89.09,89.57,88.6,89.53,2831765
12/23/20 16:00,89.98,90.75,89.02,89.04,1956474
12/24/20 13:00,89.22,89.72,88.8,89.67,733507
12/28/20 16:00,90.16,90.66,89.73,90.25,1473418
12/29/20 16:00,90.53,91.04,89.68,89.86,2044628
12/30/20 16:00,89.92,91.08,89.92,90.56,1838968
12/31/20 16:00,90.61,91.64,90.27,91.56,1638826